volatile acidity,sulphates,alcohol,quality
0.27,0.45,8.8,6
0.3,0.49,9.5,6
0.28,0.44,10.1,6
0.23,0.4,9.9,6
0.23,0.4,9.9,6
0.28,0.44,10.1,6
0.32,0.47,9.6,6
0.27,0.45,8.8,6
0.3,0.49,9.5,6
0.22,0.45,11,6
0.27,0.56,12,5
0.23,0.53,9.7,5
0.18,0.63,10.8,5
0.16,0.52,12.4,7
0.42,0.67,9.7,5
0.17,0.55,11.4,7
0.48,0.36,9.6,6
0.66,0.39,12.8,8
0.34,0.53,11.3,6
0.31,0.5,9.5,5
0.66,0.39,12.8,8
0.31,0.35,11,7
0.26,0.48,10.5,8
0.67,0.51,9.3,5
0.27,0.47,10,6
0.25,0.5,10.4,6
0.24,0.44,10,6
0.28,0.53,10.5,6
0.27,0.49,11.6,6
0.32,0.71,12.3,7
0.24,0.53,10,6
0.14,0.4,10.2,6
0.25,0.44,10.8,6
0.12,0.51,9,6
0.27,0.37,10.2,5
0.28,0.42,12.8,5
0.39,0.35,10,5
0.33,0.28,11.2,6
0.24,0.36,8.6,5
0.24,0.36,8.6,5
0.23,0.36,9.4,6
0.24,0.34,9.4,6
0.31,0.46,9.8,6
0.24,0.56,9.5,6
0.23,0.56,9.5,6
0.18,0.53,10,7
0.45,0.52,9.8,4
0.46,0.52,9.8,5
0.31,0.46,9.8,6
0.19,0.48,9.8,5
0.19,0.44,11.7,6
0.25,0.58,11,7
0.16,0.46,10.9,7
0.18,0.35,10.9,6
0.2,0.38,9.1,6
0.25,0.52,11,6
0.21,0.5,9.6,6
0.19,0.36,8.9,6
0.38,0.38,10.2,6
0.2,0.34,9.9,6
0.22,0.46,8.6,6
0.19,0.36,8.9,6
0.47,0.34,10.5,5
0.38,0.38,10.2,6
0.24,0.46,10.3,6
0.35,0.54,9.1,5
0.26,0.49,12.6,7
0.25,0.42,9.8,5
0.23,0.64,10.7,8
0.24,0.35,9.5,5
0.27,0.51,9,6
0.3,0.6,9.5,5
0.27,0.71,10,5
0.23,0.49,9.1,6
0.23,0.64,10.7,8
0.24,0.35,9.5,5
0.18,0.37,12.7,7
0.32,0.65,12,7
0.18,0.56,9.3,5
0.54,0.37,9,5
0.22,0.77,10.6,6
0.2,0.6,9.2,6
0.34,0.42,10,5
0.22,0.46,9.5,6
0.43,0.45,8.7,5
0.44,0.46,8.7,6
0.39,0.44,8.7,6
0.25,0.48,9.7,6
0.43,0.45,8.7,5
0.44,0.46,8.7,6
0.39,0.44,8.7,6
0.27,0.47,9,5
0.24,0.4,12.6,7
0.21,0.41,12.6,7
0.17,0.44,11.5,7
0.26,0.42,9.2,6
0.34,0.5,8.8,6
0.265,0.36,11.4,7
0.36,0.3,10.1,4
0.34,0.5,8.8,6
0.25,0.44,9.1,5
0.12,0.41,9.4,5
0.21,0.39,9.4,5
0.305,0.46,9,5
0.25,0.44,9.1,5
0.13,0.35,9.2,6
0.12,0.41,9.4,5
0.23,0.59,9.1,6
0.23,0.59,9.1,6
0.33,0.6,10.3,5
0.17,0.39,8.8,6
0.27,0.52,8.9,5
0.31,0.47,9.2,5
0.41,0.51,9.1,5
0.41,0.51,9.1,5
0.485,0.4,9.7,4
0.31,0.44,11.3,6
0.14,0.42,11.8,6
0.31,0.47,9.2,5
0.32,0.5,9.2,5
0.36,0.51,10.2,5
0.24,0.54,8.8,5
0.16,0.34,9.7,5
0.19,0.36,9.1,6
0.13,0.36,9.8,6
0.19,0.48,11,6
0.39,0.42,10.5,5
0.24,0.54,9.7,7
0.3,0.57,10.9,7
0.3,0.57,10.9,6
0.26,0.37,10.6,5
0.24,0.54,9.7,7
0.425,0.57,9,5
0.24,0.51,9.2,5
0.27,0.52,8.9,5
0.27,0.56,9.6,5
0.23,0.38,10.7,6
0.37,0.44,8.7,5
0.19,0.54,10.8,7
0.28,0.52,11.8,6
0.31,0.43,10.2,5
0.37,0.44,8.7,5
0.21,0.54,10.8,6
0.21,0.53,9.7,6
0.2,0.54,11.2,6
0.255,0.39,10.9,6
0.16,0.37,10.1,6
0.595,0.36,9,4
0.34,0.58,12,7
0.25,0.38,9.4,6
0.22,0.32,11.5,7
0.18,0.43,9.9,6
0.25,0.38,9.4,6
0.18,0.45,10.4,5
0.23,0.84,9.7,6
0.24,0.42,8.9,6
0.24,0.42,8.9,6
0.32,0.42,12.4,7
0.44,0.33,12.1,8
0.44,0.33,12.1,8
0.32,0.42,12.4,7
0.22,0.4,9.1,5
0.36,0.39,10.6,5
0.24,0.42,8.9,6
0.24,0.5,9.5,5
0.23,0.49,9.8,5
0.27,0.59,9.6,6
0.46,0.44,12.6,7
0.29,0.54,9.3,5
0.42,0.29,10,5
0.3,0.54,12.7,6
0.19,0.39,11,6
0.48,0.39,11.4,4
0.22,0.33,11.5,7
0.27,0.64,10.2,5
0.23,0.27,11.4,6
0.32,0.41,12.6,4
0.23,0.39,9.4,5
0.67,0.35,8.7,4
0.25,0.68,9.2,6
0.33,0.66,9.3,6
0.34,0.43,9.2,5
0.28,0.5,8.7,5
0.27,0.58,9.6,6
0.26,0.63,9.3,5
0.29,0.63,9.3,5
0.24,0.61,9.9,6
0.3,0.5,11,5
0.53,0.57,12.7,8
0.28,0.54,8.9,4
0.28,0.55,8.9,6
0.28,0.5,8.7,5
0.28,0.37,11.4,6
0.15,0.42,9.6,5
0.29,0.41,9.1,5
0.3,0.39,9.1,6
0.29,0.38,9.1,5
0.26,0.47,8.9,5
0.32,0.49,8.8,5
0.26,0.47,8.9,5
0.27,0.5,9.3,5
0.32,0.49,8.8,5
0.54,0.5,9.6,5
0.26,0.53,12,6
0.28,0.5,10.2,4
0.21,0.43,8.8,5
0.16,0.34,9.2,5
0.44,0.51,9.9,4
0.57,0.74,10.2,5
0.4,0.77,9.5,6
0.245,0.34,10.5,5
0.18,0.59,11.2,7
0.16,0.34,9.2,5
0.13,0.37,9.7,6
0.25,0.44,11.1,7
0.26,0.38,9.4,5
0.27,0.33,11,5
0.26,0.38,9.4,5
0.28,0.44,9.4,5
0.23,0.32,11,5
0.27,0.33,11,5
0.685,0.55,9.1,6
0.25,0.44,11.1,7
0.19,0.39,9.1,6
0.495,0.54,10.4,6
0.24,0.39,8.7,5
0.17,0.5,9.7,6
0.25,0.52,9.1,6
0.17,0.5,9.7,6
0.24,0.39,8.7,5
0.64,0.46,8.9,4
0.28,0.51,9.6,6
0.27,0.51,9.5,6
0.23,0.44,9,6
0.23,0.44,9,6
0.23,0.44,9,6
0.23,0.44,9,6
0.52,0.5,9.6,6
0.26,0.41,11.1,7
0.25,0.64,9.6,6
0.32,0.46,8.7,5
0.31,0.5,10.4,5
0.21,0.38,11.4,7
0.24,0.58,9.7,6
0.4,0.46,8.7,5
0.18,0.79,11.3,6
0.21,0.61,12.6,7
0.2,0.36,10.9,7
0.19,0.37,10.9,7
0.41,0.45,10,5
0.21,0.7,10,4
0.26,0.5,9.8,3
0.4,0.46,8.7,5
0.24,0.43,11.7,3
0.24,0.52,9.3,6
0.26,0.58,9.6,8
0.35,0.41,11,7
0.35,0.41,11,7
0.23,0.5,11.8,6
0.36,0.34,11.4,4
0.115,0.42,10.2,6
0.29,0.47,8.9,5
0.28,0.33,10.2,5
0.29,0.59,9.6,6
0.24,0.48,10.6,6
0.29,0.47,8.9,5
0.32,0.51,9.2,6
0.58,0.57,9.7,5
0.585,0.57,9.7,6
0.59,0.57,9.7,6
0.32,0.51,9.2,6
0.6,0.58,9.7,5
0.25,0.38,9.3,5
0.58,0.38,9,5
0.29,0.61,9.5,5
0.19,0.57,9.8,6
0.2,0.58,9.8,6
0.26,0.5,10.6,5
0.32,0.47,10.6,4
0.3,0.68,12.4,7
0.24,0.38,12.6,8
0.31,0.6,12.3,8
0.44,0.65,10.5,4
0.34,0.49,9.3,5
0.35,0.49,8.8,5
0.32,0.47,8.8,5
0.28,0.51,9.7,6
0.23,0.48,9,7
0.23,0.48,9,7
0.23,0.48,9,7
0.23,0.48,9,7
0.15,0.46,10.5,6
0.28,0.44,9.1,5
0.28,0.64,9.8,7
0.59,0.38,8.5,3
0.33,0.54,9.4,6
0.39,0.57,9.4,5
0.19,0.6,11.2,7
0.17,0.45,10,6
0.17,0.45,10.3,6
0.41,0.67,10.8,6
0.2,0.38,10.5,6
0.41,0.67,10.8,6
0.29,0.43,11.1,6
0.41,0.41,9.9,6
0.41,0.41,9.9,6
0.43,0.41,9.9,5
0.4,0.41,9.9,6
0.33,0.42,10.4,7
0.31,0.41,10.4,6
0.36,0.71,11.5,7
0.55,0.51,12.5,8
0.25,0.45,10,6
0.36,0.63,10,6
0.34,0.62,10,5
0.28,0.44,9.1,6
0.25,0.38,10.6,6
0.24,0.37,10.5,5
0.3,0.43,11.5,7
0.125,0.59,10.1,6
0.1,0.61,10.3,7
0.24,0.37,10.5,5
0.25,0.38,10.6,6
0.28,0.36,10.4,6
0.41,0.55,11.4,5
0.27,0.59,10.5,5
0.26,0.6,10,6
0.34,0.65,10,6
0.28,0.5,9.6,6
0.21,0.51,10.4,5
0.32,0.6,12.5,8
0.24,0.39,10.6,5
0.23,0.4,11.8,6
0.28,0.44,9.8,5
0.26,0.38,10.8,5
0.23,0.4,11.8,6
0.23,0.42,11.2,6
0.27,0.42,9.3,6
0.26,0.53,10.4,5
0.18,0.85,10.2,7
0.2,0.55,9,7
0.24,0.54,10,6
0.26,0.47,9.1,6
0.31,0.76,10,5
0.29,0.75,10,6
0.145,0.4,9.6,6
0.34,0.51,11.2,7
0.19,0.44,8.8,6
0.18,0.5,10,6
0.17,0.47,10,5
0.12,0.74,11.4,7
0.33,0.3,11.9,7
0.335,0.51,9.6,6
0.33,0.3,11.9,7
0.4,0.57,9.6,6
0.22,0.38,9,6
0.22,0.38,9,6
0.36,0.78,9.5,6
0.2,0.42,10.4,6
0.24,0.59,10.6,6
0.24,0.5,10.2,6
0.365,0.43,8.9,5
0.15,0.39,9.7,6
0.22,0.38,9,6
0.16,0.42,11.4,7
0.26,0.71,12.3,7
0.18,0.62,10.8,6
0.33,0.45,9.4,6
0.29,0.64,10.6,6
0.39,0.29,11.6,5
0.33,0.45,9.4,6
0.29,0.64,10.6,6
0.905,0.56,10,5
0.27,0.51,9.2,6
0.33,0.38,12.5,7
0.33,0.38,12.5,7
0.31,0.51,10.4,7
0.2,0.46,10,7
0.32,0.64,10,6
0.31,0.51,10.4,7
0.2,0.46,10,7
0.28,0.52,9,6
0.35,0.53,9.2,6
0.27,0.51,9.2,6
0.36,0.39,11.3,7
0.33,0.38,12.5,7
0.17,0.39,10.8,7
0.39,0.66,10.1,5
0.21,0.46,9.7,6
0.3,0.61,9.3,7
0.3,0.61,9.3,7
0.36,0.46,10.6,5
0.55,0.47,10.2,6
0.24,0.56,12.2,6
0.37,0.44,8.8,5
0.27,0.41,10,5
0.28,0.39,11.4,5
0.2,0.5,11.4,6
0.26,0.44,9.4,5
0.19,0.41,11.7,6
0.2,0.5,11.4,6
0.37,0.44,8.8,5
0.35,0.52,9.2,5
0.27,0.56,8.7,5
0.22,0.66,12.6,6
0.27,0.41,10,5
0.28,0.39,12.8,7
0.49,0.51,9.4,5
0.14,0.53,10.3,6
0.28,0.39,11.4,5
0.25,0.47,9,6
0.28,0.79,9.6,6
0.19,0.5,10.5,5
0.19,0.5,10.5,5
0.25,0.47,9,6
0.28,0.79,9.6,6
0.21,0.33,9.8,6
0.26,0.47,9,5
0.21,0.33,9.8,6
0.31,0.56,10.5,6
0.22,0.37,12.7,7
0.21,0.54,10.4,6
0.21,0.54,10.4,6
0.21,0.54,10.4,6
0.23,0.52,10.5,7
0.21,0.54,10.4,6
0.21,0.54,10.4,6
0.29,0.45,9.4,5
0.21,0.46,9.1,5
0.31,0.49,9.3,5
0.29,0.45,9.4,5
0.34,0.38,9.8,5
0.155,0.61,9.9,7
0.55,0.57,9.2,4
0.23,0.47,12.1,8
0.2,0.49,12.2,7
0.28,0.6,9.8,5
0.16,0.64,12.4,8
0.155,0.61,9.9,7
0.35,0.54,9.2,5
0.22,0.59,11.6,7
0.38,0.69,10.4,6
0.25,0.65,12.9,8
0.52,0.54,9.3,6
0.24,0.33,11,6
0.32,0.4,11.5,3
0.28,0.42,12.4,5
0.41,0.53,9.8,6
0.41,0.53,9.8,6
0.28,0.56,10.5,7
0.6,0.54,9.1,5
0.2,0.44,10.1,5
0.46,0.51,10.6,7
0.27,0.51,10.5,7
0.28,0.56,10.5,7
0.41,0.53,9.8,6
0.23,0.4,12.9,7
0.21,0.52,9.5,5
0.37,0.72,9.8,6
0.43,0.5,8.5,5
0.21,0.52,9.5,5
0.25,0.45,9.3,5
0.25,0.38,9.5,5
0.32,0.39,9.4,6
0.39,0.5,8.7,5
0.21,0.46,8.9,5
0.14,0.43,9.4,6
0.32,0.39,9.4,6
0.39,0.5,8.7,5
0.29,0.52,9.6,5
0.37,0.73,9.3,6
0.38,0.76,10,5
0.24,0.45,12.5,6
0.17,0.48,9.6,7
0.16,0.36,9.4,6
0.24,0.61,9.5,5
0.28,0.39,12.4,7
0.22,0.55,10.5,6
0.55,0.58,9.2,6
0.22,0.56,10.4,6
0.47,0.6,9.2,5
0.36,0.51,10.6,6
0.25,0.42,9.5,5
0.47,0.6,9.2,5
0.37,0.58,9.6,5
0.18,0.54,9.7,6
0.16,0.51,9.7,6
0.34,0.42,10.7,6
0.29,0.68,10.5,6
0.26,0.45,8.9,6
0.28,0.46,12.1,6
0.23,0.4,12.7,7
0.19,0.46,9.9,6
0.19,0.64,11.4,6
0.2,0.58,10.7,6
0.44,0.48,12.5,6
0.4,0.49,8.6,4
0.23,0.54,12.5,6
0.335,0.66,10,5
0.4,0.49,8.6,4
0.28,0.49,9.5,6
0.19,0.48,9.6,6
0.3,0.62,9.9,6
0.3,0.62,9.9,5
0.18,0.53,8.9,6
0.18,0.53,8.9,6
0.51,0.52,8.8,5
0.24,0.54,10,7
0.62,0.44,12,6
0.24,0.54,10,7
0.27,0.42,10,6
0.34,0.41,12.1,6
0.26,0.59,11,6
0.36,0.33,11.2,6
0.28,0.39,10.3,7
0.31,0.47,10.4,6
0.18,0.45,9.1,5
0.15,0.6,10.4,6
0.13,0.64,10.8,6
0.34,0.4,11.7,5
0.19,0.74,9.8,5
0.19,0.74,9.8,5
0.25,0.39,11.4,6
0.36,0.38,11.2,6
0.35,0.34,11.4,5
0.32,0.45,9.2,6
0.31,0.53,12.5,4
0.28,0.44,12.6,6
0.36,0.35,12.2,6
0.19,0.45,11.2,6
0.1,0.79,9.7,6
0.18,0.4,9.3,5
0.25,0.48,9,6
0.25,0.48,9,6
0.25,0.48,9,6
0.345,0.51,9.1,5
0.345,0.51,9.1,5
0.25,0.48,9,6
0.24,0.54,10.4,5
0.25,0.67,9.5,6
0.31,0.55,11.4,4
0.46,0.42,8.7,5
0.35,0.68,9.9,6
0.24,0.62,9.9,6
0.28,0.51,9,6
0.16,0.58,10,6
0.26,0.64,9.7,6
0.22,0.49,11.8,6
0.18,0.5,10.2,7
0.46,0.42,8.7,5
0.3,0.52,9.6,7
0.25,0.37,11.3,7
0.28,0.38,12.1,7
0.3,0.52,9.6,7
0.28,0.38,12.1,7
0.25,0.37,11.3,7
0.35,0.65,9.4,5
0.41,0.5,10.4,6
0.21,0.39,9.5,5
0.34,0.76,12.3,6
0.21,0.74,9.9,7
0.37,0.48,10.1,5
0.34,0.63,9.2,6
0.3,0.77,10.4,7
0.51,0.42,9.1,5
0.22,0.47,10,6
0.35,0.39,11.5,6
0.26,0.61,9.8,5
0.26,0.6,9.8,6
0.28,0.69,9.4,6
0.41,0.46,8.7,5
0.28,0.41,11.6,7
0.34,0.56,8.8,5
0.2,0.39,12.7,7
0.2,0.44,11.7,7
0.22,0.5,10.2,6
0.23,0.5,10.2,6
0.22,0.38,12.7,7
0.28,0.41,11.6,7
0.38,0.38,12.3,7
0.41,0.46,8.7,5
0.18,0.39,9.4,5
0.3,0.35,10.1,6
0.24,0.36,9.7,6
0.25,0.51,10.1,7
0.24,0.36,9.7,6
0.26,0.48,8.9,6
0.32,0.5,10.8,7
0.28,0.49,10.8,7
0.23,0.58,9.5,6
0.31,0.44,9.1,5
0.2,0.49,10.9,6
0.41,0.52,9.4,5
0.45,0.28,10.8,5
0.475,0.29,10.8,5
0.27,0.5,10.5,7
0.41,0.52,9.4,5
0.29,0.44,10.8,6
0.27,0.48,10.5,8
0.19,0.68,11.5,7
0.3,0.54,9.4,6
0.24,0.38,10.8,6
0.45,0.28,10.8,5
0.475,0.29,10.8,5
0.26,0.61,9.8,6
0.26,0.61,9.8,6
0.25,0.38,9.6,5
0.25,0.38,9.6,5
0.28,0.48,9.5,5
0.37,0.69,10.7,6
0.36,0.65,12.4,8
0.24,0.39,11.1,6
0.23,0.38,8.8,5
0.21,0.36,8.7,5
0.21,0.36,8.7,5
0.23,0.38,8.8,5
0.32,0.65,11.7,7
0.26,0.5,10.9,6
0.24,0.5,10.8,6
0.19,0.5,9.6,6
0.46,0.58,9,5
0.26,0.5,9,5
0.32,0.6,10.4,6
0.24,0.51,11.4,5
0.36,0.55,9.3,5
0.24,0.46,11,8
0.56,0.45,9.1,4
0.32,0.62,9.4,6
0.32,0.62,9.4,6
0.31,0.6,10.5,6
0.23,0.42,8.8,5
0.23,0.42,8.8,5
0.24,0.64,10.7,6
0.29,0.42,9.5,5
0.17,0.49,10.9,6
0.14,0.51,10.8,6
0.17,0.46,10.8,7
0.28,0.62,9.2,5
0.35,0.71,10.3,5
0.335,0.71,10.3,5
0.235,0.5,11,7
0.28,0.43,9,4
0.21,0.5,10.4,6
0.24,0.45,9.5,5
0.24,0.45,9.5,5
0.26,0.41,9,5
0.33,0.57,9.5,4
0.105,0.37,9,6
0.32,0.72,10,5
0.26,0.53,9.1,7
0.26,0.53,9.1,7
0.26,0.53,9.1,7
0.26,0.53,9.1,7
0.24,0.45,9.5,6
0.21,0.75,11.4,7
0.27,0.42,12.2,6
0.27,0.4,11.3,6
0.34,0.44,10.2,5
0.27,0.4,11.3,5
0.29,0.47,10,4
0.28,0.38,9.4,5
0.25,0.5,12.2,7
0.57,0.47,9.2,4
0.28,0.38,9.4,5
0.17,0.52,9.6,6
0.28,0.48,9.5,5
0.22,0.72,12.5,6
0.17,0.52,9.6,6
0.14,0.46,10,6
0.24,0.57,9.3,5
0.42,0.55,9.3,6
0.28,0.57,11.6,6
0.32,0.5,12.5,8
0.31,0.63,10.6,6
0.32,0.6,9.4,5
0.28,0.4,9.1,6
0.29,0.41,9,6
0.32,0.42,11.8,7
0.32,0.42,11.8,7
0.32,0.42,11.8,7
0.28,0.39,10,5
0.34,0.47,9.7,5
0.25,0.44,9.5,6
0.27,0.48,9.4,5
0.46,0.42,11.2,5
0.36,0.46,9,5
0.22,0.53,10.7,7
0.67,0.67,9,4
0.28,0.5,9.1,6
0.17,0.6,10.8,7
0.2,0.6,10.1,4
0.36,0.62,9.9,6
0.36,0.62,9.8,5
0.37,0.63,9.8,5
0.29,0.66,9.5,6
0.34,0.46,9.5,5
0.19,0.57,11.1,6
0.31,0.6,9.5,5
0.31,0.6,9.5,5
0.31,0.59,9.4,5
0.4,0.64,9.7,5
0.34,0.78,13.9,7
0.38,0.45,10.1,4
0.33,0.42,10.5,6
0.25,0.5,12.6,6
0.27,0.34,10.9,5
0.31,0.6,10,5
0.18,0.62,11.2,6
0.2,0.48,10,6
0.47,0.46,9.2,5
0.25,0.45,9.5,5
0.27,0.5,12.3,6
0.27,0.5,12.3,6
0.31,0.43,10,5
0.39,0.5,10.8,6
0.21,0.71,10.5,7
0.42,0.61,9.2,6
0.27,0.5,9.1,5
0.21,0.71,10.5,7
0.29,0.5,10.2,7
0.29,0.45,8.9,5
0.3,0.52,10.4,5
0.31,0.47,11.7,6
0.33,0.44,12.4,8
0.3,0.39,10.9,7
0.39,0.46,10.2,5
0.24,0.66,11.7,7
0.21,0.59,9.4,5
0.16,0.47,10.5,5
0.33,0.62,9.4,5
0.23,0.56,10.4,6
0.25,0.47,9.5,6
0.28,0.33,11.1,7
0.25,0.5,9.1,6
0.38,0.61,9.2,5
0.25,0.49,9.6,6
0.25,0.5,9.1,6
0.38,0.61,9.2,5
0.21,0.39,10.8,7
0.25,0.49,9.6,6
0.39,0.37,12.6,3
0.2,0.55,11,6
0.2,0.61,10.2,6
0.26,0.43,9.4,5
0.38,0.43,10,5
0.2,0.55,12.2,6
0.21,0.56,10.5,6
0.29,0.32,11.5,6
0.18,0.54,9.8,6
0.3,0.32,11.4,6
0.29,0.32,11.5,6
0.2,0.55,10.2,6
0.2,0.5,9.4,6
0.21,0.56,10.5,6
0.35,0.5,9.1,5
0.28,0.48,12.2,7
0.25,0.43,9.5,5
0.22,0.85,9.3,6
0.14,0.96,9.8,7
0.13,0.97,9.8,7
0.18,0.54,9.8,6
0.2,0.54,9.8,6
0.24,0.56,8.7,5
0.44,0.57,10.2,6
0.3,0.69,9.5,6
0.27,0.46,11,6
0.5,0.44,9.2,5
0.2,0.6,10.9,6
0.11,0.4,9.3,7
0.11,0.4,9.3,7
0.12,0.46,9.8,7
0.16,0.39,9.3,7
0.21,0.39,9.3,7
0.27,0.45,9.4,5
0.27,0.46,10.4,9
0.225,0.58,12.1,6
0.14,0.56,11,6
0.23,0.53,9,5
0.22,0.82,9.5,7
0.17,0.75,8.8,8
0.395,0.38,11.2,4
0.29,0.61,9.3,6
0.22,0.82,9.5,7
0.17,0.75,8.8,8
0.23,0.53,9,5
0.3,0.3,9.3,6
0.34,0.29,9.2,6
0.34,0.29,9.2,6
0.34,0.45,10,7
0.3,0.3,9.3,6
0.34,0.29,9.2,6
0.24,0.69,10.9,7
0.46,0.56,10,5
0.24,0.69,10.9,7
0.32,0.52,9.3,5
0.31,0.43,9,5
0.42,0.58,9.2,6
0.24,0.77,9.6,6
0.18,0.4,9.4,6
0.18,0.58,11.1,8
0.27,0.41,8.9,6
0.28,0.47,9.3,5
0.39,0.53,9.3,5
0.21,0.44,9.8,7
0.32,0.46,9.8,6
0.27,0.41,8.9,6
0.31,0.41,9.6,5
0.29,0.41,9.6,6
0.39,0.38,9,6
0.3,0.43,9.5,6
0.28,0.47,9.3,5
0.41,0.56,9.2,6
0.35,0.5,9.1,7
0.26,0.46,9.5,6
0.35,0.59,10.5,6
0.3,0.46,9,5
0.18,0.52,11.7,5
0.56,0.51,9.1,5
0.3,0.46,9,5
0.56,0.51,9.1,5
0.36,0.61,12.4,9
0.655,0.58,9.2,6
0.18,0.43,9.4,5
0.19,0.43,9.6,6
0.18,0.52,11.7,5
0.21,0.56,9.8,6
0.25,0.59,10.2,6
0.24,0.48,12.5,9
0.16,0.44,10.9,7
0.16,0.42,11,7
0.205,0.69,10.5,6
0.17,0.62,11.5,4
0.3,0.53,12.8,8
0.25,0.44,12.2,6
0.205,0.69,10.5,6
0.42,0.45,12.8,8
0.25,0.4,11.9,8
0.25,0.4,11.9,8
0.25,0.4,11.9,8
0.34,0.39,12,7
0.33,0.39,12,7
0.23,0.47,8.8,7
0.23,0.47,8.8,7
0.19,0.54,10.8,7
0.21,0.5,11,8
0.21,0.5,11,8
0.22,0.4,9.3,5
0.34,0.39,10.8,5
0.23,0.47,8.8,7
0.2,0.47,11.5,6
0.19,0.54,10.8,7
0.38,0.54,9.4,5
0.18,0.95,9.5,7
0.34,0.49,8.6,5
0.18,0.95,9.5,7
0.2,0.77,10.3,7
0.38,0.54,9.4,5
0.4,0.52,9.4,5
0.22,0.54,10,7
0.3,0.47,9.4,5
0.27,0.63,10.4,8
0.25,0.75,9.1,7
0.34,0.61,9.9,6
0.28,0.5,12.1,6
0.33,0.61,9.9,5
0.27,0.3,12.5,6
0.18,0.95,9.5,7
0.18,0.76,8.5,8
0.28,0.82,9,7
0.24,0.7,10.1,6
0.45,0.48,9.4,5
0.34,0.49,8.6,5
0.26,0.34,10.7,6
0.17,0.28,9.6,3
0.15,0.39,10.1,5
0.21,0.57,10,7
0.36,0.36,12.7,9
0.28,0.38,10.2,6
0.16,0.37,8.9,6
0.12,0.82,11.9,8
0.21,0.57,10,7
0.36,0.48,9.9,6
0.26,0.55,11.5,6
0.26,0.55,11.5,6
0.23,0.52,9.8,6
0.34,0.67,12.2,7
0.26,0.51,11.4,6
0.3,0.68,11,7
0.26,0.51,11.4,6
0.3,0.68,11,7
0.31,0.63,9.9,6
0.26,0.4,11,7
0.26,0.48,9.4,5
0.31,0.36,12.2,7
0.26,0.4,11,7
0.19,0.53,10.3,6
0.18,0.53,10.5,6
0.29,0.46,10.5,6
0.26,0.49,10.9,6
0.18,0.53,10.5,6
0.2,0.56,11,7
0.29,0.37,9.7,6
0.28,0.4,8.9,5
0.31,0.39,9.6,6
0.21,0.47,8.8,8
0.19,0.65,11.1,4
0.27,0.61,10.3,4
0.25,0.43,12.2,8
0.23,0.47,9.8,4
0.24,0.53,8.8,5
0.33,0.63,9.9,5
0.33,0.63,9.9,5
0.34,0.63,9.9,5
0.29,0.35,9.2,5
0.32,0.37,9.5,4
0.29,0.35,9.2,5
0.13,0.56,10.3,7
0.3,0.33,11,6
0.24,0.39,11.9,6
0.18,0.32,10.2,7
0.11,0.44,9.4,7
0.32,0.44,8.9,6
0.32,0.44,8.9,6
0.26,0.43,10,6
0.28,0.49,10.7,8
0.27,0.43,9.8,5
0.595,0.38,9.3,5
0.25,0.48,9.5,7
0.25,0.47,10,5
0.36,0.51,9,5
0.17,0.4,11.9,7
0.26,0.38,8.9,5
0.26,0.41,10,6
0.29,0.41,9.6,5
0.28,0.38,8.9,5
0.27,0.4,8.9,5
0.43,0.41,11.4,5
0.36,0.51,9,5
0.35,0.55,10,6
0.24,0.47,9.6,7
0.34,0.6,9.7,5
0.27,0.53,9.5,6
0.415,0.41,10,7
0.48,0.38,12.2,7
0.18,0.44,8.7,7
0.15,0.44,10.2,7
0.345,0.43,9.6,5
0.16,0.36,10,5
0.705,0.52,9.5,4
0.25,0.46,11.5,5
0.345,0.38,9.5,5
0.22,0.49,9.8,6
0.17,0.55,10.1,6
0.23,0.36,10,5
0.22,0.49,9.8,6
0.345,0.38,9.5,5
0.32,0.38,9.5,5
0.23,0.54,10.2,7
0.2,0.54,10.2,7
0.24,0.42,9,6
0.24,0.42,9,6
0.42,0.57,12.3,7
0.24,0.42,9,6
0.19,0.51,11.6,6
0.26,0.43,9.5,6
0.23,0.36,11.5,5
0.34,0.37,9.6,6
0.22,0.42,9,6
0.08,0.7,12,7
0.42,0.51,11.4,7
0.42,0.36,12.3,7
0.27,0.47,12.6,7
0.22,0.42,9,6
0.08,0.7,12,7
0.13,0.9,11.7,6
0.3,0.49,9.2,5
0.13,0.45,10.3,6
0.14,0.49,8.6,5
0.28,0.62,10.7,7
0.2,0.47,9.8,5
0.19,0.46,9.8,6
0.28,0.62,10.7,7
0.39,0.45,12.5,6
0.36,0.45,11.9,6
0.19,0.52,10.8,5
0.41,0.52,10.5,6
0.28,0.48,10.3,6
0.3,0.45,10.3,6
0.19,0.52,10.8,5
0.28,0.38,12,7
0.16,0.39,10.2,6
0.26,0.62,10.2,4
0.25,0.39,9.9,5
0.24,0.47,10.1,4
0.18,0.55,9.5,6
0.27,0.45,10.5,6
0.26,0.63,10.4,5
0.24,0.47,9.5,6
0.24,0.5,9.2,6
0.21,0.54,10.1,7
0.19,0.45,9.8,7
0.28,0.46,9.4,5
0.28,0.45,9.4,6
0.24,0.48,10.4,7
0.36,0.55,11.3,6
0.18,0.64,10.8,6
0.36,0.55,11.3,6
0.52,0.43,9.3,5
0.22,0.55,10.3,7
0.15,0.39,10.5,6
0.16,0.75,10.3,6
0.16,0.66,11.2,7
0.16,0.41,10.3,6
0.25,0.5,9.5,5
0.16,0.43,8.9,5
0.39,0.29,10.2,5
0.37,0.88,9.2,5
0.16,0.75,10.3,6
0.18,0.31,10.5,6
0.14,0.62,9.5,6
0.2,0.49,11.4,7
0.2,0.49,11.4,7
0.19,0.37,11.1,8
0.19,0.38,10.5,6
0.34,0.7,12,6
0.15,0.51,9.7,6
0.14,0.51,10.2,6
0.55,0.3,9.5,4
0.24,0.59,10.4,7
0.6,0.57,9.3,4
0.2,0.62,10.5,6
0.34,0.62,10,6
0.3,0.64,10.2,6
0.3,0.64,10.2,6
0.64,0.74,9.1,3
0.17,0.67,10.2,6
0.17,0.88,10.7,5
0.47,0.56,9.7,5
0.15,0.52,9.3,7
0.17,0.74,11,5
0.68,0.71,10.8,4
0.275,0.56,10.7,5
0.49,0.45,10.7,4
0.33,0.4,8.8,5
0.21,0.48,10.9,7
0.15,0.45,10.5,5
0.19,0.45,10,5
0.31,0.43,10.4,5
0.4,0.43,9.2,5
0.37,0.62,12.6,6
0.24,0.54,9,5
0.21,0.39,9.2,6
0.29,0.39,11.3,5
0.29,0.69,10.3,4
0.31,0.43,10.4,5
0.26,0.44,10,5
0.21,0.47,10.7,6
0.51,0.47,9,5
0.21,0.47,10.7,6
0.3,0.54,8.7,4
0.26,0.72,11.6,7
0.21,0.55,9.4,5
0.26,0.68,9.5,5
0.26,0.67,9.5,5
0.26,0.7,10.9,6
0.22,0.5,9.7,5
0.3,0.45,9.1,6
0.19,0.49,11.1,7
0.33,0.4,12.6,7
0.2,0.56,11,6
0.37,0.55,11.3,7
0.22,0.5,9.7,5
0.29,0.4,10.9,7
0.34,0.47,10.9,5
0.55,0.5,9.3,6
0.4,0.54,12.7,7
0.28,0.59,10.1,6
0.26,0.65,10,5
0.26,0.42,9.8,5
0.34,0.53,10.1,6
0.15,0.39,9,7
0.27,0.38,9.4,6
0.27,0.38,9.4,6
0.2,0.42,9.2,6
0.23,0.33,10.1,7
0.31,0.45,8.6,5
0.24,0.49,11.2,8
0.24,0.42,11.2,8
0.2,0.42,9.2,6
0.17,0.39,10.6,7
0.21,0.51,9.3,6
0.21,0.47,8.9,6
0.21,0.43,10.6,6
0.17,0.32,10.6,7
0.24,0.32,8.8,5
0.24,0.38,11,8
0.28,0.37,10.2,6
0.23,0.33,10.1,7
0.29,0.34,10.1,6
0.29,0.79,14,7
0.27,0.38,9.4,6
0.17,0.43,11.8,6
0.16,0.53,11.4,5
0.29,0.42,10.7,5
0.31,0.45,8.6,5
0.32,0.49,11.5,7
0.24,0.49,11.2,8
0.37,0.59,12.6,7
0.29,0.51,12.6,7
0.22,0.46,9.3,4
0.37,0.59,12.6,7
0.18,0.61,12.1,6
0.22,0.44,9.9,6
0.18,0.44,10.7,5
0.52,0.32,10,4
0.15,0.39,10.4,8
0.415,0.52,10.5,5
0.45,0.64,9.7,5
0.415,0.52,10.5,5
0.5,0.33,9,5
0.105,0.45,9.2,6
0.4,0.48,10.1,6
0.25,0.4,11.4,7
0.36,0.46,10.8,5
0.23,0.49,10.9,5
0.55,0.46,9.2,6
0.115,0.25,12.9,7
0.125,0.32,12,7
0.1,0.46,9.5,5
0.25,0.32,11.8,7
0.2,0.43,9.1,6
0.23,0.52,9.7,6
0.39,0.54,9.1,5
0.22,0.43,10,5
0.41,0.42,10.4,5
0.25,0.47,9.5,6
0.26,0.4,12.3,8
0.31,0.4,11.7,8
0.28,0.58,9.5,5
0.31,0.34,11.5,5
0.16,0.46,10.6,6
0.34,0.61,10.2,5
0.28,0.58,9.5,5
0.24,0.45,10.5,5
0.25,0.44,10.5,5
0.32,0.41,8.9,5
0.27,0.41,10.6,5
0.34,0.49,9.5,5
0.17,0.49,10.8,6
0.25,0.35,9.5,5
0.32,0.4,8.9,5
0.32,0.41,8.9,5
0.6,0.38,9.4,4
0.395,0.35,10.6,6
0.16,0.44,9,4
0.33,0.48,10.5,4
0.3,0.38,9,6
0.3,0.38,9,6
0.26,0.38,9.4,6
0.3,0.38,9,6
0.14,0.8,9.6,6
0.3,0.38,9,6
0.25,0.6,10.2,7
0.26,0.38,9.4,6
0.23,0.38,10.4,6
0.24,0.41,10.4,5
0.45,0.32,9.5,5
0.23,0.62,10.6,6
0.2,0.37,11,5
0.14,0.8,9.6,6
0.25,0.5,9.9,6
0.61,0.34,9.6,5
0.21,0.7,12.8,6
0.22,0.55,11.4,5
0.26,0.5,10,6
0.25,0.44,9.1,5
0.32,0.5,9.4,7
0.25,0.54,10.2,6
0.44,0.39,9.2,5
0.2,0.36,9.4,5
0.61,0.34,9.6,5
0.42,0.36,10.1,6
0.22,0.55,11.4,5
0.26,0.47,10.6,6
0.46,0.44,12.8,7
0.41,0.51,8.9,5
0.32,0.43,9.3,5
0.21,0.4,11.1,8
0.21,0.33,9.9,6
0.26,0.45,9.6,5
0.21,0.7,12.8,6
0.25,0.72,10.7,7
0.26,0.42,9.2,6
0.22,0.41,9.1,7
0.37,0.6,9.6,6
0.22,0.46,9.2,6
0.25,0.72,10.7,7
0.22,0.41,9.1,7
0.26,0.42,9.2,6
0.25,0.48,10.7,7
0.18,0.45,10.8,6
0.17,0.46,10.8,7
0.3,0.37,9,5
0.33,0.44,10.7,6
0.33,0.44,10.7,6
0.33,0.46,9.4,5
0.26,0.35,8.8,6
0.3,0.37,9,5
0.21,0.49,11.5,6
0.23,0.47,12.5,6
0.28,0.25,10.5,6
0.27,0.3,9.7,5
0.32,0.52,11.3,6
0.33,0.44,10.7,6
0.24,0.47,10.8,6
0.28,0.43,10.6,5
0.37,0.32,11.7,8
0.61,0.48,9.2,5
0.26,0.34,11.1,8
0.37,0.32,11.7,8
0.23,0.44,11,6
0.4,0.58,12.5,7
0.28,0.67,10,6
0.28,0.43,10.6,5
0.23,0.54,12.3,7
0.32,0.53,12.7,6
0.23,0.54,12.3,7
0.18,0.42,10.5,5
0.26,0.28,12.5,6
0.33,0.32,12.4,3
0.29,0.41,8.7,6
0.41,0.54,12.4,7
0.44,0.54,12.6,7
0.39,0.44,11,6
0.26,0.5,10.1,6
0.32,0.48,10.5,5
0.32,0.53,12.7,6
0.24,0.51,10.9,5
0.44,0.43,13.5,7
0.25,0.59,9.7,5
0.14,0.43,9.2,6
0.18,0.41,10.6,7
0.43,0.39,13.3,7
0.44,0.43,13.5,7
0.26,0.32,10.1,5
0.66,0.68,9.4,4
0.2,0.4,10.6,7
0.21,0.4,11.3,6
0.18,0.4,10.8,7
0.57,0.51,10.4,5
0.26,0.51,10.5,7
0.245,0.42,9.3,5
0.245,0.42,9.3,6
0.25,0.39,12.2,7
0.16,0.3,9.2,5
0.22,0.57,10.3,6
0.18,0.62,9.4,6
0.17,0.35,10.2,6
0.29,0.39,9,6
0.21,0.36,9.3,6
0.23,0.34,9.2,6
0.19,0.64,9.4,6
0.18,0.62,9.4,6
0.29,0.46,9.5,6
0.14,0.39,9.9,5
0.31,0.62,11.1,7
0.28,0.41,12.3,8
0.22,0.69,8.6,7
0.31,0.35,9.4,5
0.35,0.58,9.4,6
0.22,0.69,8.6,7
0.5,0.42,10.9,5
0.39,0.48,9.4,5
0.5,0.42,10.9,5
0.35,0.58,9.4,6
0.22,0.46,9.2,6
0.22,0.69,8.6,7
0.31,0.35,9.4,5
0.24,0.37,10.8,6
0.27,0.62,10.5,6
0.16,0.78,12.5,6
0.27,0.48,12.1,7
0.31,0.43,8.7,5
0.45,0.25,12.7,8
0.27,0.48,12.1,7
0.16,0.78,12.5,6
0.16,0.44,11.4,7
0.21,0.6,12.9,7
0.32,0.51,12.8,7
0.16,0.44,11.2,6
0.16,0.42,9.7,6
0.23,0.56,9.7,6
0.17,0.54,10.3,6
0.39,0.87,11.6,4
0.41,0.86,11.6,4
0.23,0.56,9.7,6
0.38,0.44,10.9,6
0.42,0.37,12.6,7
0.34,0.47,12.4,6
0.23,0.4,11.5,5
0.245,0.35,10.2,6
0.2,0.27,11.4,5
0.19,0.33,9.6,6
0.2,0.3,10.3,6
0.59,0.75,9.3,5
0.14,0.49,10.7,7
0.24,0.49,12.8,8
0.14,0.62,9.5,5
0.15,0.45,10.4,6
0.17,0.61,10.3,6
0.365,0.39,9.9,6
0.23,0.5,10.7,6
0.25,0.43,10.5,5
0.32,0.48,9.6,5
0.31,0.46,9.3,6
0.2,0.46,10,6
0.255,0.39,11.2,6
0.15,0.62,10.8,5
0.15,0.51,10.3,6
0.25,0.42,8.8,5
0.19,0.74,12.8,6
0.43,0.43,13.2,6
0.31,0.56,10.1,6
0.2,0.66,11,5
0.16,0.62,10.8,6
0.32,0.52,12.8,7
0.22,0.36,9.2,6
0.26,0.44,10.5,6
0.37,0.38,11.7,6
0.19,0.46,9.5,5
0.21,0.45,9.5,5
0.15,0.4,8.8,6
0.16,0.51,9.3,7
0.21,0.75,12.6,8
0.24,0.34,12.4,6
0.21,0.72,10.1,6
0.29,0.37,11.2,8
0.18,0.52,10,5
0.18,0.52,10,5
0.58,0.39,10.8,6
0.16,0.33,10,6
0.54,0.33,10.4,5
0.58,0.39,10.8,6
0.25,0.47,9.8,6
0.23,0.4,12.2,8
0.39,0.48,12.7,8
0.46,0.35,12.2,7
0.35,0.34,11.9,7
0.29,0.37,11.2,8
0.35,0.28,10.4,4
0.57,0.67,12.8,7
0.37,0.39,12.7,7
0.21,0.72,10.1,6
0.18,0.52,10,5
0.13,0.41,9,5
0.19,0.42,11.4,5
0.22,0.59,8.9,6
0.29,0.44,9.3,6
0.35,0.46,12,8
0.19,0.54,10.8,7
0.12,0.37,10.5,6
0.13,0.43,10.6,7
0.25,0.48,11.3,7
0.32,0.38,9.5,4
0.19,0.42,11.4,5
0.13,0.33,10.1,7
0.14,0.43,10.9,6
0.27,0.45,8.9,5
0.22,0.59,8.9,6
0.64,0.49,9.3,5
0.28,0.4,10.4,6
0.26,0.38,12,7
0.22,0.68,9.5,6
0.22,0.68,9.5,6
0.23,0.38,12.4,7
0.3,0.41,11.2,7
0.27,0.69,11.4,6
0.28,0.71,11.4,6
0.28,0.38,11.1,7
0.46,0.42,10.4,6
0.38,0.35,12,7
0.43,0.61,12.3,7
0.56,0.35,9.1,6
0.36,0.33,10.5,6
0.23,0.7,11.4,6
0.33,0.64,9.5,5
0.49,0.9,13.7,7
0.42,0.51,13.4,6
0.18,0.48,11.3,7
0.19,0.34,10,6
0.19,0.42,10.1,6
0.16,0.42,12.2,6
0.42,0.51,13.4,6
0.135,0.42,9.3,6
0.49,0.9,13.7,7
0.19,0.46,12.3,7
0.18,0.48,11.3,7
0.25,0.46,8.9,7
0.25,0.46,8.9,7
0.2,0.46,11.5,6
0.25,0.46,8.9,7
0.67,0.52,9.3,6
0.4,0.5,11.1,8
0.26,0.64,10.9,8
0.31,0.38,11.6,5
0.39,0.35,10.2,4
0.22,0.38,10.5,8
0.19,0.78,11.4,6
0.25,0.46,8.9,7
0.2,0.41,10.6,6
0.26,0.4,11.6,6
0.2,0.46,11.5,6
0.3,0.79,12.3,8
0.29,0.41,10.8,6
0.17,0.38,11.3,6
0.415,0.36,9.3,5
0.23,0.6,10,6
0.55,0.63,11,3
0.35,0.55,10.2,5
0.14,0.4,10.8,7
0.28,0.34,10.1,4
0.18,0.37,11.6,6
0.165,0.47,9.1,5
0.25,0.43,10,4
0.29,0.41,10.8,6
0.22,0.35,11.4,6
0.22,0.34,12.7,6
0.25,0.55,11.3,5
0.18,0.68,10.4,7
0.22,0.46,9.6,5
0.39,0.31,10.1,4
0.22,0.46,9.6,5
0.36,0.49,12.1,7
0.29,0.33,12.2,6
0.25,0.55,11.3,5
0.23,0.5,9.6,5
0.56,0.7,9.2,5
0.18,0.68,10.4,7
0.23,0.34,9.5,5
0.25,0.47,8.9,5
0.26,0.44,8.8,5
0.31,0.35,10.5,5
0.25,0.34,9.4,5
0.18,0.4,12.2,6
0.43,0.35,11.3,6
0.2,0.42,12.2,6
0.27,0.42,12.2,6
0.16,0.47,11.2,6
0.16,0.47,11.2,6
0.19,0.27,11.5,6
0.43,0.35,11.3,6
0.4,0.42,9.3,5
0.43,0.35,11.3,6
0.52,0.38,11.8,7
0.21,0.54,9.2,5
0.34,0.81,9.2,5
0.27,0.42,12.2,6
0.2,0.42,12.2,6
0.22,0.41,12.2,6
0.11,0.42,10.6,6
0.17,0.4,12.4,6
0.145,0.44,10.8,6
0.16,0.47,11.2,6
0.19,0.46,11,6
0.44,0.27,12.7,8
0.2,0.53,10.2,5
0.19,0.27,11.5,6
0.25,0.39,12.3,7
0.24,0.39,9.8,5
0.4,0.42,9.3,5
0.52,0.38,11.8,7
0.43,0.35,11.3,6
0.21,0.28,11.4,5
0.2,0.48,10.8,6
0.25,0.48,9.5,4
0.08,0.44,10.2,6
0.85,0.36,10.7,5
0.51,0.29,10.8,6
0.22,0.28,11.5,6
0.16,0.49,10.7,6
0.08,0.44,10.2,6
0.25,0.6,10.1,6
0.16,0.81,10.4,6
0.25,0.48,9.5,4
0.32,0.5,9.1,3
0.28,0.39,10.6,6
0.15,0.7,9.4,6
0.25,0.45,9.8,6
0.26,0.54,9.5,6
0.16,0.41,9.3,5
0.185,0.45,10.3,6
0.2,0.62,11.1,5
0.3,0.48,10,5
0.34,0.38,12.3,8
0.35,0.38,12.4,8
0.29,0.38,12.3,7
0.62,0.32,10.4,5
0.27,0.48,12.1,7
0.27,0.42,12.5,6
0.51,0.6,13,6
0.19,0.32,11,7
0.2,0.37,10.1,5
0.3,0.36,9.2,5
0.36,0.34,12.6,7
0.17,0.38,12.2,8
0.18,0.49,9.8,7
0.2,0.52,11,6
0.26,0.64,10,6
0.21,0.44,9.8,6
0.2,0.47,10.5,5
0.18,0.48,10,5
0.23,0.51,11.2,6
0.22,0.32,11,7
0.22,0.28,11.2,6
0.19,0.32,11,7
0.155,0.77,10.5,6
0.22,0.33,10.6,6
0.24,0.33,10.6,6
0.23,0.34,12,6
0.2,0.37,10.1,5
0.2,0.37,10.1,6
0.3,0.36,9.2,5
0.21,0.63,11,5
0.25,0.49,10,6
0.21,0.39,8.7,6
0.27,0.44,8.7,5
0.27,0.54,11.1,6
0.28,0.55,11,6
0.27,0.54,11.1,6
0.21,0.39,8.7,6
0.27,0.44,8.7,5
0.3,0.3,11.2,7
0.23,0.3,11.1,7
0.26,0.54,10.8,6
0.18,0.67,9,6
0.15,0.4,10.3,6
0.13,0.32,9.9,5
0.28,0.41,10,6
0.17,0.42,9.8,6
0.26,0.54,10.8,6
0.18,0.67,9,6
0.53,0.32,9.1,4
0.16,0.57,10.6,6
0.14,0.72,10.6,6
0.13,0.32,9.9,5
0.12,0.47,10.6,6
0.29,0.45,9.9,6
0.3,0.45,9.9,6
0.36,0.59,12.8,6
0.15,0.4,10.3,6
0.18,0.48,10.6,6
0.19,0.31,8.7,6
0.21,0.44,12.6,7
0.3,0.63,11,7
0.42,0.6,11.2,7
0.24,0.57,10.7,7
0.23,0.58,9.6,6
0.18,0.48,10.6,6
0.43,0.57,9,4
0.35,0.33,10.5,4
0.3,0.52,12.8,6
0.28,0.46,10.1,5
0.34,0.33,12.2,7
0.3,0.52,12.8,6
0.28,0.46,10.1,5
0.19,0.51,10.1,6
0.18,0.41,9.2,5
0.19,0.44,9.9,5
0.3,0.58,9.7,6
0.3,0.46,9.9,5
0.3,0.45,9.9,5
0.3,0.58,9.7,6
0.22,0.5,10.3,6
0.26,0.35,10.3,5
0.17,0.34,10.5,4
0.17,0.76,10.5,6
0.27,0.44,9.8,6
0.64,0.58,10.6,4
0.18,0.68,10.1,5
0.31,0.53,9,4
0.31,0.45,9.5,5
0.3,0.32,11.5,6
0.24,0.33,11.9,7
0.18,0.68,10.1,5
0.25,0.42,9.2,6
0.3,0.4,8.7,5
0.31,0.46,9.8,5
0.25,0.42,9.2,6
0.3,0.4,8.7,5
0.27,0.48,11.2,6
0.14,0.82,12.3,6
0.12,0.44,10.4,6
0.21,0.41,10.7,6
0.16,0.59,10.5,6
0.29,0.4,9.4,6
0.27,0.43,9.2,6
0.55,0.3,11.9,5
0.27,0.43,9.2,6
0.24,0.39,9.9,6
0.33,0.5,11.4,6
0.29,0.4,9.4,6
0.34,0.52,10.7,6
0.39,0.36,12.7,5
0.41,0.5,13.5,7
0.41,0.35,9.5,5
0.26,0.42,12.9,9
0.32,0.46,12.5,6
0.19,0.38,9.5,7
0.27,0.47,8.6,5
0.2,0.46,10,7
0.32,0.46,12.5,6
0.26,0.34,10.1,6
0.26,0.32,11.3,7
0.14,0.4,10.6,7
0.29,0.34,10.8,5
0.19,0.47,10.7,6
0.34,0.4,9,6
0.2,0.52,9.2,6
0.37,0.48,8.5,6
0.22,0.36,11.3,8
0.26,0.32,11.3,7
0.32,0.34,9.4,5
0.44,0.37,8.7,6
0.14,0.36,9.4,6
0.17,0.51,10.5,7
0.26,0.53,9.7,6
0.22,0.44,10.2,6
0.32,0.34,9.4,5
0.2,0.35,11.5,6
0.15,0.31,9.6,6
0.25,0.7,11.4,5
0.2,0.35,11.5,6
0.28,0.58,12.2,8
0.19,0.38,11,7
0.25,0.52,9.2,6
0.14,0.45,10.2,6
0.49,0.33,10,5
0.12,0.48,9.7,6
0.47,0.51,9.2,5
0.22,0.39,10.5,5
0.49,0.33,10,5
0.22,0.52,10.1,6
0.19,0.36,9.1,7
0.3,0.57,10.2,7
0.19,0.36,9.1,7
0.24,0.59,10.5,7
0.22,0.52,10.1,6
0.21,0.28,12.1,7
0.3,0.59,10.2,5
0.26,0.52,9.4,4
0.31,0.67,12.8,7
0.42,0.58,9,6
0.29,0.36,10.9,4
0.33,0.38,8.8,6
0.46,0.38,9,5
0.28,0.59,10.2,5
0.15,0.48,9.2,5
0.4,0.58,11.3,6
0.31,0.45,8.8,5
0.325,0.4,9.3,5
0.27,0.45,9.4,6
0.26,0.4,10.3,6
0.21,0.42,10.8,7
0.33,0.38,8.8,6
0.28,0.58,9,4
0.13,0.51,11.5,8
0.445,0.43,10.8,5
0.39,0.51,11.8,6
0.18,0.38,10.5,7
0.31,0.44,9.9,6
0.24,0.56,9.8,6
0.35,0.42,11.4,7
0.26,0.38,9.3,5
0.27,0.38,9.3,5
0.22,0.44,10.3,6
0.27,0.47,8.9,5
0.35,0.42,11.4,7
0.23,0.35,11.1,6
0.3,0.45,10.4,6
0.35,0.43,10.1,5
0.32,0.55,9,5
0.31,0.55,11.9,6
0.25,0.38,9,7
0.25,0.38,9,7
0.26,0.44,9.1,7
0.25,0.38,9,7
0.26,0.72,10,5
0.26,0.44,9.1,7
0.25,0.63,9.4,3
0.16,0.55,11.4,6
0.43,0.45,9.7,4
0.25,0.38,9,7
0.24,0.49,11.8,6
0.265,0.41,10.2,5
0.12,0.42,9.2,6
0.21,0.4,11,6
0.32,0.31,10,6
0.18,0.37,12.2,6
0.24,0.49,11.8,6
0.26,0.43,11.6,6
0.26,0.61,10.2,6
0.29,0.46,10.3,5
0.27,0.35,8.6,4
0.33,0.44,9.6,5
0.31,0.45,9.6,5
0.25,0.47,11.3,6
0.24,0.55,9.9,6
0.26,0.4,9.6,5
0.61,0.6,10.6,4
0.22,0.39,9.8,5
0.31,0.47,10.5,5
0.2,0.51,10.8,5
0.18,0.51,10,6
0.34,0.49,10.1,6
0.3,0.48,9.4,5
0.18,0.59,11.5,8
0.21,0.5,10.8,6
0.27,0.43,9.9,6
0.2,0.43,9,4
0.23,0.31,9.4,6
0.2,0.44,10.8,7
0.15,0.45,10.9,7
0.4,0.38,12,6
0.18,0.59,11.5,8
0.13,0.42,10.5,6
0.17,0.37,9.3,6
0.3,0.44,11.8,6
0.445,0.36,10,6
0.3,0.48,9.4,5
0.22,0.68,11.4,6
0.23,0.3,10.4,6
0.34,0.37,9.5,6
0.545,0.32,11.9,5
0.3,0.45,11.1,6
0.16,0.38,9.6,6
0.32,0.47,12,6
0.22,0.42,8.7,5
0.16,0.38,9.6,6
0.15,0.44,10,5
0.29,0.32,11.4,4
0.37,0.45,9.6,6
0.38,0.32,12.9,6
0.25,0.35,9.7,6
0.3,0.51,9.3,6
0.22,0.3,9.1,5
0.34,0.48,8.6,5
0.22,0.42,9.9,5
0.3,0.51,9.3,6
0.27,0.42,10.9,5
0.17,0.43,10.2,6
0.18,0.57,9.7,6
0.16,0.51,11.4,7
0.255,0.54,9.5,6
0.23,0.54,10.2,7
0.16,0.43,11.1,6
0.25,0.35,9.7,6
0.27,0.43,9.3,5
0.29,0.44,8.8,5
0.21,0.46,10.6,5
0.62,0.44,9.3,5
0.28,0.35,10.2,6
0.3,0.51,10.2,6
0.17,0.42,11,7
0.21,0.5,9.6,6
0.27,0.43,9.3,5
0.29,0.44,8.8,5
0.32,0.45,8.8,5
0.32,0.69,8.9,5
0.37,0.38,10,5
0.43,0.56,12.2,7
0.39,0.42,10.9,6
0.18,0.72,9.5,6
0.4,0.43,10.9,6
0.39,0.42,10.9,6
0.19,0.4,10.8,6
0.49,0.4,12,6
0.25,0.47,9.8,5
0.18,0.72,9.5,6
0.15,0.69,11,8
0.15,0.69,11,8
0.17,0.38,9.8,5
0.32,0.44,10.5,4
0.21,0.37,11.4,6
0.45,0.57,10.1,6
0.24,0.46,11.6,7
0.21,0.37,11.4,6
0.33,0.52,11.8,7
0.26,0.43,12.1,7
0.36,0.34,12,5
0.2,0.74,12.1,7
0.16,0.46,9.1,5
0.33,0.5,9.3,5
0.22,0.53,10.4,6
0.35,0.64,9.1,5
0.37,0.54,9.4,5
0.37,0.47,9.6,6
0.37,0.62,12,5
0.25,0.34,11.3,8
0.23,0.41,8.7,6
0.26,0.58,9.9,6
0.3,0.4,9.3,6
0.16,0.32,9.5,5
0.23,0.41,8.7,6
0.26,0.58,9.9,6
0.3,0.4,9.3,6
0.33,0.39,9.4,5
0.38,0.41,9.4,5
0.2,0.79,8.8,6
0.33,0.39,9.4,5
0.2,0.79,8.8,6
0.36,0.41,9.9,6
0.38,0.41,9.4,5
0.46,0.37,12.6,6
0.15,0.43,11.1,6
0.42,0.32,12.8,7
0.3,0.53,12,6
0.27,0.5,12,7
0.5,0.34,9.2,4
0.26,0.44,12.3,6
0.33,0.41,13,6
0.3,0.53,12,6
0.29,0.38,10.9,5
0.42,0.32,12.8,7
0.19,0.54,10,6
0.32,0.32,9,5
0.32,0.6,10.4,5
0.32,0.32,9,5
0.19,0.54,10,6
0.17,0.54,10,6
0.44,0.43,11.3,7
0.44,0.43,11.3,7
0.49,0.51,12,7
0.44,0.43,11.3,7
0.49,0.51,12,7
0.21,0.41,10.6,6
0.55,0.56,9.3,5
0.19,0.54,9.4,6
0.24,0.64,11,7
0.34,0.55,9.3,6
0.19,0.54,9.4,6
0.18,0.51,10.5,5
0.24,0.64,11,7
0.18,0.52,9.5,6
0.28,0.77,11.2,6
0.34,0.62,12.3,6
0.44,0.44,9,5
0.26,0.38,9,5
0.44,0.44,9,5
0.49,0.82,9,5
0.24,0.42,11.4,6
0.25,0.42,11,7
0.34,0.62,12.3,6
0.18,0.67,10.4,7
0.27,0.59,10.3,5
0.24,0.55,10.5,7
0.22,0.45,9.8,6
0.91,0.46,10,4
0.34,0.47,9.7,5
0.33,0.47,9.7,5
0.22,0.45,9.8,6
0.18,0.66,10.5,6
0.2,0.46,10,6
0.13,0.92,11.5,7
0.28,0.39,9.5,5
0.25,0.61,10.5,6
0.36,0.43,10.2,6
0.27,0.5,9.8,6
0.37,0.37,11.6,6
0.21,0.38,11.8,7
0.18,0.37,10.1,7
0.19,0.5,10.3,6
0.21,0.49,10.4,6
0.33,0.46,8.9,5
0.33,0.46,8.9,5
0.29,0.31,10.8,5
0.31,0.6,9.2,5
0.19,0.49,9.6,6
0.2,0.37,10.4,6
0.25,0.57,8.7,6
0.2,0.36,9.2,6
0.3,0.63,9.2,5
0.2,0.36,9.2,6
0.3,0.63,9.2,5
0.3,0.63,9.2,5
0.22,0.39,10.2,5
0.2,0.36,9.2,6
0.53,0.32,9,5
0.24,0.43,9.7,5
0.24,0.42,9.6,5
0.15,0.76,10,5
0.3,0.63,9.2,5
0.33,0.64,9.1,5
0.24,0.41,8.7,5
0.24,0.41,8.7,5
0.35,0.44,9.5,5
0.26,0.49,9.5,6
0.29,0.41,8.9,6
0.29,0.41,8.9,6
0.31,0.64,9.9,6
0.44,0.62,12.6,7
0.23,0.43,9.7,6
0.21,0.34,10.4,5
0.23,0.49,9.1,6
0.34,0.55,10.4,5
0.26,0.49,9.5,6
0.29,0.41,8.9,6
0.28,0.69,10.6,5
0.37,0.59,12,7
0.36,0.59,12.5,7
0.13,0.39,9.6,5
0.25,0.42,9.2,5
0.18,0.74,9.9,6
0.3,0.46,11.7,6
0.23,0.5,9.6,6
0.43,0.37,12,6
0.36,0.59,12.5,7
0.25,0.42,9.2,5
0.18,0.74,9.9,6
0.35,0.58,8.9,6
0.22,0.66,9,6
0.26,0.49,10.2,7
0.13,0.39,9.6,5
0.12,0.41,9.4,5
0.37,0.48,10.4,5
0.26,0.4,10.4,4
0.2,0.43,10,6
0.22,0.43,10,6
0.25,0.41,10.5,5
0.27,0.39,11.4,6
0.34,0.4,10.2,5
0.27,0.41,10.4,6
0.49,0.37,11,3
0.71,0.34,10.1,6
0.47,0.35,9.2,5
0.28,0.66,10.3,6
0.34,0.4,10.2,5
0.27,0.41,10.4,6
0.13,0.39,11.1,7
0.16,0.34,9.9,5
0.31,0.38,9,5
0.36,0.64,8.6,5
0.31,0.38,9,5
0.36,0.64,8.6,5
0.25,0.52,9.5,5
0.45,0.4,9,5
0.26,0.58,10,6
0.22,0.43,9,6
0.45,0.4,9,5
0.19,0.57,10.2,7
0.31,0.44,9.6,5
0.25,0.46,9.7,5
1.005,0.49,10.2,4
0.31,0.34,13,7
0.24,0.74,10.8,6
0.25,0.46,9.7,5
0.29,0.57,9,5
0.15,0.4,9.9,5
0.12,0.38,9.2,6
0.32,0.58,8.7,6
0.17,0.37,10.1,5
0.17,0.37,10.1,5
0.21,0.64,9.5,5
0.21,0.57,9.9,5
0.32,0.58,8.7,6
0.31,0.46,9,5
0.27,0.38,8.6,6
0.21,0.35,10.5,6
0.23,0.56,9.5,7
0.2,0.53,10.1,6
0.41,0.79,11.7,7
0.49,0.47,10.7,6
0.41,0.79,11.7,7
0.2,0.42,9.2,5
0.26,0.39,8.8,5
0.26,0.39,8.8,5
0.27,0.43,9.5,6
0.28,0.55,10.2,5
0.2,0.5,9.1,6
0.33,0.54,10.5,6
0.38,0.46,9,6
0.2,0.46,8.9,8
0.2,0.46,8.9,8
0.2,0.46,8.9,8
0.2,0.46,8.9,8
0.2,0.46,8.9,8
0.19,0.62,9.1,6
0.16,0.53,10.1,6
0.22,0.55,10,5
0.22,0.53,9.5,6
0.33,0.31,12.3,7
0.43,0.52,9.1,4
0.2,0.46,8.9,8
0.12,0.44,9.6,5
0.3,0.45,11.6,6
0.28,0.67,8.8,6
0.2,0.82,8.9,6
0.28,0.67,8.8,6
0.2,0.82,8.9,6
0.2,0.82,8.9,6
0.18,0.46,9,6
0.31,0.46,10,5
0.31,0.46,10,5
0.17,0.69,11.1,6
0.3,0.45,11.6,6
0.26,0.68,10.6,6
0.28,0.67,8.8,6
0.2,0.82,8.9,6
0.18,0.58,10.1,6
0.15,0.47,10,5
0.4,0.41,12.2,7
0.25,0.53,11,6
0.15,0.47,10,5
0.18,0.45,11.1,5
0.32,0.67,10.4,6
0.55,0.36,11.8,5
0.19,0.66,10.8,6
0.41,0.38,12.5,7
0.55,0.36,11.8,5
0.2,0.46,11.6,7
0.32,0.67,10.4,6
0.26,0.7,11.5,6
0.21,0.42,10.1,6
0.34,0.53,9.2,6
0.21,0.42,10.1,6
0.43,0.64,9.2,5
0.3,0.42,8.9,5
0.26,0.54,10.1,5
0.32,0.45,8.9,5
0.21,0.45,9.7,6
0.34,0.53,9.2,6
0.42,0.52,11,6
0.29,0.47,10.7,5
0.25,0.54,10.8,6
0.23,0.4,9.8,5
0.35,0.48,11,5
0.2,0.35,10.4,5
0.27,0.41,10.2,6
0.29,0.47,10.7,5
0.14,0.44,9,5
0.24,0.38,10.6,5
0.3,0.59,9.5,6
0.14,0.44,9,5
0.13,0.45,9.2,6
0.18,0.53,11,6
0.385,0.63,9.9,6
0.24,0.38,10.6,5
0.33,0.47,9.3,5
0.34,0.41,9.6,5
0.33,0.42,9.5,5
0.28,0.57,9.7,7
0.23,0.55,9.7,3
0.21,0.36,8.7,5
0.21,0.36,8.7,5
0.485,0.38,12.4,5
0.485,0.38,12.4,5
0.29,0.26,10.6,6
0.21,0.36,8.7,5
0.31,0.82,12,7
0.29,0.47,9,5
0.46,0.47,8.8,5
0.28,0.56,9.5,5
0.23,0.4,10.8,6
0.17,0.48,11.4,5
0.18,0.46,10.3,5
0.22,0.75,9.5,6
0.27,0.44,9.9,5
0.28,0.39,10.2,5
0.29,0.39,10.2,5
0.32,0.37,11,6
0.33,0.34,12.1,7
0.34,0.51,9.1,6
0.19,0.68,9.5,6
0.23,0.76,9.5,5
0.27,0.79,9.8,5
0.22,0.75,9.5,6
0.18,0.46,10.3,5
0.36,0.67,9.6,5
0.22,0.54,10.2,6
0.17,0.72,10.5,6
0.45,0.41,10.4,4
0.36,0.67,9.6,5
0.42,0.33,10.7,5
0.33,0.34,10.5,6
0.3,0.42,10.6,5
0.17,0.76,9.6,6
0.17,0.76,9.6,6
0.17,0.58,9.5,5
0.17,0.58,9.4,6
0.15,0.38,9.8,6
0.17,0.76,9.6,6
0.25,0.44,9.2,5
0.24,0.38,9.5,5
0.76,0.38,9.2,5
0.22,0.35,9.4,5
0.22,0.35,9.4,5
0.28,0.46,9.3,5
0.32,0.4,9.1,5
0.24,0.4,9.5,5
0.18,0.35,9.1,6
0.16,0.46,10.6,5
0.24,0.4,9.5,5
0.28,0.56,12.4,6
0.34,0.49,8.7,5
0.27,0.45,8.8,5
0.16,0.46,10.6,5
0.32,0.4,9.1,5
0.24,0.66,9,5
0.24,0.48,10.3,6
0.18,0.35,9.1,6
0.23,0.55,9.5,6
0.22,0.37,8.8,5
0.22,0.37,8.8,5
0.22,0.37,8.8,5
0.33,0.62,9.9,5
0.23,0.55,9.5,6
0.22,0.37,8.8,5
0.2,0.37,11.7,4
0.26,0.56,10.8,5
0.2,0.42,12,6
0.16,0.39,10.3,4
0.25,0.38,9,5
0.39,0.58,12.2,7
0.26,0.38,9.9,5
0.25,0.38,9,5
0.39,0.58,12.2,7
0.28,0.46,10.1,5
0.43,0.55,9.3,5
0.33,0.7,9.5,5
0.5,0.5,9.2,6
0.28,0.72,11.7,5
0.35,0.38,11,5
0.22,0.38,9.6,6
0.22,0.38,9.6,6
0.24,0.68,11.9,6
0.26,0.52,10.8,6
0.16,0.55,10.1,5
0.18,0.52,10.9,6
0.16,0.55,10.1,5
0.24,0.31,10.4,5
0.33,0.39,9.2,5
0.28,0.5,9.6,5
0.28,0.5,9.6,5
0.26,0.46,9,5
0.14,0.74,11.5,7
0.21,0.48,10.2,6
0.2,0.42,9.9,6
0.115,0.4,9.6,6
0.29,0.54,10.6,5
0.33,0.39,9.2,5
0.24,0.46,11.8,6
0.24,0.43,12.2,6
0.28,0.5,9.6,5
0.22,0.41,10.6,6
0.18,0.45,10.3,6
0.93,0.59,10.2,4
0.29,0.46,10.7,5
0.28,0.31,11.7,4
0.25,0.33,12,6
0.18,0.66,10.6,6
0.24,0.34,12.2,4
0.33,0.48,11,6
0.37,0.46,12.4,7
0.49,0.44,9.4,6
0.25,0.33,12,6
0.22,0.35,11.6,5
0.35,0.47,9.4,5
0.35,0.47,9.4,5
0.19,0.49,9.1,7
0.19,0.49,9.1,7
0.19,0.49,9.1,7
0.19,0.49,9.1,7
0.19,0.49,9.1,7
0.32,0.37,9.2,5
0.32,0.54,9.2,5
0.19,0.49,9.1,7
0.19,0.49,9.1,7
0.32,0.37,9.2,5
0.34,0.44,9,7
0.32,0.54,9.2,5
0.24,0.55,10.8,6
0.36,0.46,9.5,6
0.29,0.4,11,6
0.32,0.47,10,5
0.3,0.47,9.5,5
0.33,0.47,10.1,6
0.18,0.44,9.5,7
0.39,0.53,9.5,5
0.25,0.42,9.5,5
0.18,0.49,9.4,6
0.18,0.54,9.4,6
0.27,0.51,12.7,6
0.23,0.32,9.7,5
0.28,0.51,9.7,6
0.18,0.54,9.4,6
0.18,0.49,9.4,6
0.25,0.42,9.5,5
0.22,0.38,11.7,6
0.18,0.37,11.7,6
0.26,0.52,9.7,5
0.25,0.52,9.5,6
0.24,0.53,9.1,5
0.28,0.67,10.3,6
0.26,0.52,9.7,5
0.24,0.55,9.9,5
0.27,0.56,9.9,5
0.39,0.6,10.2,5
0.24,0.37,12.1,6
0.23,0.64,11.3,7
0.26,0.49,11.4,5
0.32,0.64,12.2,6
0.24,0.5,9.9,7
0.21,0.78,10.3,6
0.32,0.64,12.2,6
0.17,0.65,10.4,6
0.26,0.49,11.4,5
0.28,0.4,9.9,6
0.3,0.62,10,5
0.25,0.38,11.5,6
0.28,0.6,10.5,6
0.24,0.36,12.5,7
0.22,0.44,10.5,6
0.28,0.4,9.9,6
0.45,0.47,11.4,7
0.23,0.42,9.8,6
0.45,0.47,11.4,7
0.23,0.44,9.2,4
0.28,0.46,8.9,5
0.27,0.46,8.9,5
0.2,0.59,9.5,7
0.25,0.36,11.5,6
0.2,0.59,9.5,7
0.25,0.36,11.5,6
0.2,0.45,9.5,6
0.39,0.51,9.7,5
0.23,0.79,9.7,5
0.44,0.46,9.5,6
0.28,0.5,9.4,5
0.34,0.45,9,4
0.15,0.44,10.6,6
0.44,0.46,9.5,6
0.29,0.49,9.1,5
0.28,0.5,9.4,5
0.23,0.54,8.8,5
0.23,0.74,10.4,5
0.36,0.51,8.9,5
0.31,0.38,10.6,7
0.34,0.45,9,4
0.15,0.44,10.6,6
0.2,0.45,10.6,6
0.27,0.47,9,5
0.34,0.61,8.8,6
0.18,0.6,10.5,7
0.29,0.52,9.5,5
0.27,0.47,9,5
0.26,0.43,10.4,6
0.21,0.46,10,6
0.14,0.68,10.4,5
0.39,0.53,9,6
0.48,0.45,9.3,5
0.39,0.53,9,6
0.48,0.45,9.3,5
0.36,0.45,9,6
0.25,0.44,11.5,6
0.3,0.48,9,5
0.19,0.77,10.4,6
0.3,0.48,9,5
0.42,0.43,10.6,5
0.19,0.77,10.4,6
0.2,0.4,8.5,6
0.19,0.67,9.3,6
0.19,0.66,10.5,7
0.25,0.46,9.9,6
0.25,0.42,10.4,6
0.46,0.47,10.1,5
0.19,0.66,10.5,7
0.29,0.49,9.2,4
0.31,0.44,9.4,6
0.14,0.39,10.6,6
0.31,0.44,9.4,6
0.4,0.56,8.7,5
0.16,0.54,10.2,6
0.16,0.55,10.3,6
0.33,0.68,9.5,5
0.33,0.68,9.5,5
0.33,0.68,9.5,5
0.33,0.68,9.5,5
0.41,0.49,9.4,5
0.43,0.49,9.4,5
0.33,0.68,9.5,5
0.4,0.58,12.6,7
0.18,0.64,10.5,7
0.17,0.56,10.8,6
0.32,0.46,9.9,6
0.4,0.58,12.6,7
0.32,0.58,12.2,7
0.42,0.37,10,6
0.28,0.57,10.6,7
0.29,0.53,9.5,6
0.41,0.54,12.8,8
0.32,0.58,12.2,7
0.3,0.44,12.6,7
0.22,0.45,9.4,5
0.26,0.43,9,5
0.44,0.48,9.1,5
0.42,0.4,9.4,6
0.36,0.42,12.2,7
0.295,0.68,10,5
0.21,0.44,9.2,5
0.28,0.49,9.3,5
0.28,0.5,9.8,6
0.21,0.44,9.2,5
0.22,0.41,12,7
0.28,0.49,9.3,5
0.32,0.63,12.6,7
0.19,0.38,12.2,6
0.42,0.58,11,6
0.2,0.39,12,7
0.24,0.44,8.8,5
0.26,0.46,8.9,4
0.4,0.48,12.7,7
0.2,0.67,11.8,6
0.445,0.55,10.2,5
0.41,0.61,9.9,6
0.2,0.66,11.1,6
0.3,0.48,9.4,5
0.35,0.36,9.7,6
0.35,0.29,9.7,5
0.35,0.36,9.7,6
0.35,0.29,9.7,5
0.3,0.53,9.8,5
0.38,0.59,9.3,6
0.3,0.42,10.5,5
0.4,0.59,9.3,6
0.37,0.6,12.6,8
0.23,0.43,8.9,5
0.27,0.51,10.3,5
0.26,0.67,10.6,5
0.28,0.57,9,4
0.34,0.62,9.7,5
0.23,0.55,9.5,6
0.29,0.59,10.3,6
0.34,0.62,9.7,5
0.4,0.59,12.3,8
0.17,0.52,10.5,5
0.23,0.55,9.5,6
0.24,0.49,10,6
0.28,0.44,8.8,4
0.23,0.54,10.9,6
0.26,0.77,12.2,6
0.46,0.62,9.5,5
0.31,0.59,10,5
0.25,0.57,9.6,6
0.28,0.46,8.7,6
0.18,0.48,10.7,7
0.21,0.48,11.1,6
0.48,0.45,12.5,7
0.34,0.5,10.4,6
0.21,0.37,11.5,5
0.32,0.66,9.4,5
0.495,0.36,9.3,5
0.25,0.49,10.1,6
0.25,0.58,9.7,5
0.18,0.5,10.5,6
0.24,0.42,9.7,5
0.32,0.51,9.2,5
0.32,0.44,9.8,5
0.33,0.52,9,5
0.3,0.49,9.1,6
0.34,0.37,10.4,6
0.16,0.46,10.7,6
0.1,0.49,10.5,7
0.45,0.43,9.2,5
0.33,0.4,11.5,4
0.48,0.54,10.4,3
0.2,0.41,12,6
0.32,0.43,12.2,6
0.2,0.41,12,6
0.22,0.46,9.8,6
0.23,0.51,9.3,5
0.27,0.63,9.6,4
0.27,0.64,9.5,4
0.23,0.59,10.2,6
0.15,0.46,10.4,8
0.26,0.53,11,6
0.15,0.46,10.4,8
0.2,0.41,8.7,5
0.3,0.54,9.9,4
0.3,0.54,9.9,4
0.21,0.45,11.3,4
0.46,0.51,12,8
0.28,0.5,10.7,8
0.24,0.7,10.1,6
0.17,0.49,9.6,7
0.17,0.49,9.6,6
0.695,0.49,8.7,5
0.27,0.59,10.3,5
0.3,0.66,9.1,5
0.19,0.41,11.8,6
0.36,0.49,11.9,6
0.16,0.57,10.3,6
0.19,0.66,10,4
0.16,0.53,10.2,4
0.26,0.56,10,6
0.33,0.98,12.7,6
0.16,0.67,9.6,5
0.23,0.49,9.5,5
0.44,0.52,12.7,6
0.31,0.54,11,6
0.705,0.5,9.1,5
0.21,0.64,10.2,4
0.16,0.58,10.1,6
0.27,0.5,9.2,6
0.38,0.66,9.4,4
0.21,0.64,10.2,4
0.38,0.71,9.2,4
0.24,0.5,10,5
0.16,0.58,10.1,6
0.815,0.46,9,5
0.41,0.42,9.5,5
0.36,0.53,9.1,5
0.4,0.46,13.3,7
0.26,0.55,9.5,5
0.44,0.72,9.2,5
0.24,0.68,10.1,6
0.44,0.72,9.2,5
0.24,0.68,10.1,6
0.22,0.48,11.2,6
0.34,0.55,9.8,6
0.22,0.48,11.2,6
0.34,0.55,9.8,6
0.28,0.46,9.4,5
0.29,0.42,9,5
0.27,0.47,9.4,5
0.35,0.5,8.9,6
0.28,0.56,9.1,6
0.35,0.5,9.8,4
0.43,0.43,9.4,5
0.26,0.5,10,6
0.43,0.43,9.4,5
0.27,0.75,9.9,6
0.46,0.47,10,5
0.2,1.06,11.5,6
0.285,0.45,9.2,5
0.32,0.6,10,5
0.285,0.45,9.2,5
0.34,0.61,10,5
0.32,0.6,10,5
0.27,0.64,9.8,6
0.26,0.62,10.5,6
0.27,0.63,10.6,6
0.56,0.52,9.4,5
0.56,0.52,9.4,5
0.19,0.54,11,7
0.2,0.56,10.8,6
0.29,0.67,9,5
0.32,0.58,9.6,6
0.33,0.54,10.6,6
0.33,0.54,10.6,6
0.32,0.58,9.6,6
0.33,0.52,9.2,5
0.33,0.52,9.2,5
0.26,0.49,9.5,5
0.25,0.48,9.5,5
0.26,0.58,10.3,7
0.26,0.46,8.8,5
0.28,0.44,8.7,5
0.27,0.44,8.7,5
0.28,0.62,10.2,6
0.16,0.51,10.1,6
0.34,0.41,9.5,5
0.25,0.51,9.5,5
0.35,0.5,11.6,7
0.24,0.4,10.7,6
0.29,0.54,10.1,6
0.27,0.44,11.1,7
0.56,0.53,9.8,5
0.29,0.49,9,6
0.27,0.44,11.1,7
0.27,0.48,9.5,6
0.24,0.49,9.4,6
0.32,0.61,10.2,5
0.37,0.5,9.8,6
0.26,0.48,9.5,6
0.27,0.48,9.5,6
0.3,0.49,9,5
0.28,0.55,10.1,6
0.24,0.45,8.8,5
0.27,0.51,11.9,6
0.27,0.51,11.9,6
0.28,0.44,9.3,6
0.39,0.76,10,6
0.2,0.43,9.5,5
0.28,0.44,9.3,6
0.31,0.5,9.7,4
0.31,0.5,9.7,4
0.18,0.48,10.2,5
0.23,0.4,10.8,5
0.21,0.48,8.8,5
0.21,0.48,8.8,5
0.26,0.49,11.4,6
0.21,0.48,8.8,5
0.31,0.52,9.8,5
0.34,0.47,9.4,4
0.34,0.47,9.4,4
0.3,0.43,9.4,6
0.4,0.63,9.4,6
0.32,0.48,9.7,6
0.34,0.47,12.3,7
0.26,0.43,9.8,6
0.27,0.68,9,5
0.28,0.46,9.2,6
0.3,0.6,9.4,6
0.175,0.48,9.9,6
0.34,0.52,9.8,5
0.34,0.49,12.3,7
0.12,0.52,11.9,7
0.32,0.64,10.2,6
0.51,0.56,9.5,6
0.12,0.52,11.9,7
0.24,0.5,9.2,5
0.41,0.49,9.7,5
0.18,0.6,11.5,7
0.17,0.38,10.4,8
0.2,0.41,11.6,5
0.41,0.49,9.7,5
0.17,0.38,10.4,8
0.18,0.6,11.5,7
0.16,0.51,10.2,6
0.16,0.5,9.8,6
0.42,0.47,9,5
0.3,0.59,10.5,6
0.54,0.38,9.4,4
0.54,0.38,9.4,4
0.22,0.34,10.8,5
0.23,0.46,10.7,7
0.26,0.5,10.6,6
0.23,0.42,9.2,6
0.28,0.44,9.5,6
0.28,0.44,9.5,6
0.27,0.5,10,5
0.29,0.47,10.6,5
0.26,0.5,10.6,6
0.27,0.48,10.6,5
0.23,0.42,9.2,6
0.32,0.48,11,6
0.22,0.53,11.2,6
0.5,0.54,9.6,5
0.33,0.48,9.4,5
0.26,0.53,9.5,6
0.2,0.62,9.3,5
0.33,0.48,9.4,5
0.26,0.53,9.5,6
0.36,0.46,9.4,5
0.13,0.72,11.2,7
0.15,0.73,11.2,7
0.13,0.72,11.2,7
0.23,0.53,8.8,5
0.15,0.73,11.2,7
0.13,0.72,11.2,7
0.255,0.42,9.4,5
0.32,0.42,11.1,6
0.28,0.46,9.6,5
0.32,0.42,11.1,6
0.255,0.42,9.4,5
0.41,0.45,10.6,6
0.37,0.45,8.9,5
0.21,0.46,12.3,7
0.24,0.46,11.4,5
0.28,0.49,9.6,6
0.24,0.59,10.3,6
0.24,0.46,11.4,5
0.16,0.36,12.1,6
0.14,0.45,9.9,5
0.34,0.49,9.7,5
0.26,0.52,10.5,5
0.17,0.44,8.9,6
0.27,0.5,9.4,5
0.25,0.5,9.6,5
0.3,0.56,12.6,7
0.28,0.37,9.2,6
0.3,0.5,10.4,5
0.18,0.52,9,7
0.18,0.52,9,7
0.18,0.52,9,7
0.18,0.52,9,7
0.18,0.52,9,7
0.18,0.52,9,7
0.14,0.43,9.2,6
0.18,0.52,9,7
0.615,0.48,9.7,4
0.13,0.42,10.1,6
0.34,0.64,11,7
0.32,0.55,10.8,5
0.21,0.38,10.8,5
0.5,0.88,13.5,7
0.52,0.39,10.6,5
0.28,0.64,9.8,5
0.22,0.7,11.7,6
0.28,0.64,9.8,5
0.32,0.6,9,6
0.11,0.74,11.3,7
0.26,0.61,9.4,5
0.22,0.7,11.7,6
0.3,0.63,11.3,7
0.3,0.63,11.3,7
0.2,0.36,12,6
0.2,0.49,10.6,6
0.26,0.46,10.8,6
0.25,0.46,10.8,6
0.2,0.36,12,6
0.27,0.67,9.4,5
0.3,0.5,9.4,5
0.3,0.63,11.3,7
0.36,0.4,9.4,5
0.21,0.47,12,5
0.18,0.72,10.3,7
0.18,0.72,10.3,7
0.18,0.72,10.3,7
0.26,0.38,11.3,7
0.35,0.47,9.4,6
0.28,0.38,8.7,5
0.36,0.4,9.4,5
0.26,0.38,11.3,7
0.18,0.72,10.3,7
0.21,0.47,12,5
0.19,0.42,8,5
0.24,0.51,10.4,7
0.17,0.41,10.7,7
0.24,0.46,10.2,6
0.6,0.43,10.9,5
0.445,0.36,10.5,6
0.28,0.39,11.7,7
0.44,0.45,8.6,5
0.24,0.44,9,5
0.31,0.88,8.7,5
0.32,0.47,12.8,6
0.24,0.44,9,5
0.31,0.88,8.7,5
0.13,0.53,11.8,6
0.14,0.55,11.6,6
0.2,0.61,11.8,6
0.15,0.37,10.6,5
0.23,0.8,9.7,5
0.33,0.47,10.3,5
0.17,0.44,10.2,6
0.12,0.44,10.1,7
0.18,0.68,10.9,7
0.15,0.51,9.3,5
0.23,0.54,10.2,6
0.17,0.44,10.2,6
0.34,0.53,9.5,5
0.68,0.4,9.3,5
0.22,0.34,12.9,7
0.28,0.46,8.7,5
0.4,0.57,9.4,5
0.19,0.69,10.1,5
0.23,0.78,10,4
0.14,0.69,11.1,7
0.15,0.7,10.3,7
0.15,0.41,12.2,6
0.33,0.48,9.3,6
0.3,0.56,11.3,6
0.23,0.65,10.8,6
0.13,0.39,11.2,8
0.21,0.45,12.5,7
0.4,0.49,9.3,5
0.34,0.41,12.9,7
0.12,0.45,11.2,7
0.655,1,12.6,6
0.26,0.49,9.3,5
0.34,0.41,12.9,7
0.3,0.41,12.9,7
0.15,0.36,9.5,7
0.37,0.36,11.9,6
0.35,0.66,10.3,7
0.32,0.66,10.3,7
0.1,0.68,11.2,6
0.25,0.31,12,6
0.31,0.4,9.6,5
0.18,0.42,9.2,6
0.17,0.33,12.9,6
0.19,0.59,9.3,6
0.32,0.44,12.1,6
0.31,0.4,9.6,5
0.21,0.48,11.2,6
0.16,0.37,11.2,7
0.17,0.33,12.9,6
0.24,0.46,9.2,5
0.19,0.59,9.3,6
0.18,0.42,9.2,6
0.3,0.5,9.3,6
0.28,0.36,10.7,6
0.31,0.54,9.8,6
0.23,0.54,10.3,6
0.28,0.36,10.7,6
0.23,0.38,11.3,6
0.22,0.49,8.8,6
0.18,0.5,10.8,5
0.31,0.54,9.8,6
0.3,0.5,9.3,6
0.46,0.6,11.5,7
0.23,0.41,8.8,5
0.23,0.41,8.8,5
0.23,0.41,8.8,5
0.26,0.38,9.4,6
0.26,0.38,9.4,6
0.28,0.63,9.6,6
0.23,0.41,8.8,5
0.23,0.48,9.3,6
0.25,0.75,8.9,5
0.25,0.75,8.9,5
0.2,0.43,10,5
0.21,0.46,9.1,5
0.23,0.48,9.3,6
0.24,0.5,9.4,6
0.25,0.6,10.1,6
0.25,0.75,8.9,5
0.16,0.4,10.8,6
0.28,0.54,10,6
0.18,0.38,10.9,6
0.26,0.38,12,7
0.37,0.8,9.3,5
0.4,0.62,12.3,7
0.26,0.56,10.4,6
0.18,0.38,10.9,6
0.23,0.42,10.5,5
0.2,0.5,9.8,6
0.17,0.46,10.5,6
0.35,0.51,9.9,6
0.29,0.69,11.4,7
0.3,0.51,9.2,5
0.51,0.53,9.7,5
0.51,0.51,10,5
0.29,0.69,11.4,7
0.29,0.49,10.3,6
0.35,0.51,9.9,6
0.17,0.46,10.5,6
0.2,0.47,9.8,7
0.615,0.34,9.3,5
0.32,0.47,12.4,7
0.2,0.42,9.3,6
0.615,0.34,9.3,5
0.23,0.72,9.5,6
0.27,0.4,10.5,6
0.27,0.4,10.5,6
0.44,0.53,12.8,7
0.34,0.45,10.8,6
0.26,0.55,10,6
0.17,0.9,11.8,8
0.26,0.55,10,6
0.17,0.9,11.8,8
0.17,0.66,12,6
0.43,0.46,12.6,6
0.315,0.4,11.9,8
0.17,0.32,10.6,5
0.34,0.48,9.2,5
0.33,0.52,10,6
0.12,0.46,9.2,5
0.13,0.47,9.3,6
0.18,0.54,10.2,6
0.16,0.54,10.2,6
0.26,0.51,8.7,5
0.32,0.42,10.7,5
0.3,0.34,12.1,6
0.16,0.37,9.5,6
0.27,0.37,11.2,6
0.16,0.59,12,6
0.16,0.37,9.5,6
0.3,0.34,12.1,6
0.32,0.42,10.7,5
0.44,0.54,8.8,7
0.2,0.66,10.8,6
0.29,0.37,13.1,7
0.39,0.6,12.5,7
0.36,0.33,11.7,8
0.36,0.33,11.7,8
0.36,0.33,11.6,8
0.2,0.54,11.3,6
0.39,0.6,12.5,7
0.2,0.45,11.4,5
0.235,0.44,12.2,5
0.965,0.69,11.7,6
0.2,0.59,10.4,6
0.2,0.59,10.4,6
0.2,0.59,10.4,6
0.24,0.5,9.1,5
0.3,0.41,12.2,6
0.24,0.5,9.1,5
0.4,0.54,9.4,5
0.4,0.53,9.4,5
0.2,0.59,10.4,6
0.25,0.49,9.2,5
0.26,0.51,9.4,5
0.37,0.53,13.5,7
0.35,0.4,9.4,5
0.22,0.55,10.9,8
0.37,0.53,13.5,7
0.35,0.4,9.4,5
0.31,0.45,11.4,7
0.16,0.51,12.4,7
0.25,0.49,9.2,5
0.26,0.51,9.4,5
0.15,0.39,10.5,6
0.15,0.38,11.5,8
0.22,0.55,10.9,8
0.2,0.44,10.8,6
0.17,0.46,8.9,5
0.18,0.46,8.9,5
0.27,0.5,9.4,6
0.32,0.73,12.2,7
0.26,0.47,12.1,7
0.3,0.66,10.9,5
0.16,0.58,10.1,6
0.32,0.73,12.2,7
0.19,0.38,13,7
0.36,0.39,11,5
0.17,0.49,10.8,5
0.19,0.38,13,7
0.11,0.34,9.3,4
0.21,0.42,11.4,6
0.325,0.38,9.2,5
0.4,0.6,9.9,5
0.2,0.44,10.5,5
0.27,0.48,12.4,6
0.26,0.53,9.5,6
0.25,0.5,10.5,6
0.22,0.48,9.1,6
0.14,0.35,11.5,7
0.14,0.35,11.5,7
0.26,0.37,11.2,5
0.22,0.4,10.8,5
0.45,0.44,9.4,5
0.17,0.58,11,6
0.44,0.37,11.3,7
0.15,0.38,11.2,6
0.25,0.5,10.5,6
0.22,0.48,9.1,6
0.26,0.5,10.4,6
0.15,0.58,11.2,7
0.22,0.36,11.1,7
0.37,0.38,11.2,6
0.375,0.39,10.5,6
0.2,0.45,10,6
0.22,0.47,10,6
0.22,0.42,10.9,5
0.22,0.56,10.9,7
0.15,0.58,11.2,7
0.2,0.42,11.7,5
0.31,0.42,10,5
0.43,0.64,9.5,5
0.24,0.52,9,5
0.23,0.56,10,5
0.2,0.43,11.9,5
0.16,0.59,10.6,6
0.21,0.4,11,6
0.33,0.43,11.2,7
0.18,0.6,12,7
0.29,0.6,12.6,8
0.33,0.43,11.2,7
0.21,0.68,10.5,6
0.21,0.52,10.2,6
0.21,0.4,11,6
0.11,0.52,12.2,6
0.15,0.41,12.3,6
0.16,0.59,10.6,6
0.19,0.5,10.4,6
0.18,0.6,12,7
0.48,0.53,12.7,7
0.23,0.28,10.6,5
0.17,0.34,12.3,6
0.48,0.53,12.7,7
0.15,0.53,11.4,6
0.17,0.89,12,7
0.21,0.94,12.4,8
0.23,0.99,12.1,7
0.15,0.53,11.4,6
0.22,0.38,10.7,5
0.15,0.4,9.3,5
0.32,0.42,12.7,6
0.37,0.39,11.7,6
0.25,0.49,10.7,5
0.21,0.43,11.8,7
0.24,0.39,9.9,5
0.475,0.53,13.4,7
0.28,0.64,12.8,7
0.4,0.45,12.8,6
0.41,0.41,10.5,5
0.2,0.55,11.5,5
0.22,0.37,10.5,4
0.36,0.39,13,6
0.285,0.34,12.4,8
0.2,0.35,10.2,6
0.42,0.5,9,5
0.16,0.86,12,7
0.125,0.5,11.7,7
0.44,0.57,10,5
0.31,0.54,10.3,5
0.42,0.5,9,5
0.18,0.38,11.1,5
0.21,0.46,9,5
0.16,0.58,10.5,6
0.22,0.59,11.9,7
0.36,0.5,9.4,5
0.21,0.52,11.4,6
0.25,0.58,10.8,7
0.31,0.46,9.8,5
0.26,0.45,9.3,5
0.21,0.52,11.4,6
0.2,0.52,11.3,6
0.18,0.52,11.3,6
0.37,0.48,9.5,5
0.36,0.5,9.4,5
0.22,0.59,11.9,7
0.18,0.38,9.3,5
0.14,0.54,11.4,6
0.14,0.54,11.4,6
0.44,0.39,12.7,6
0.36,0.45,13.5,7
0.28,0.52,11.2,6
0.16,0.41,10.7,5
0.28,0.46,10.8,4
0.39,0.57,10.5,6
0.44,0.32,13,8
0.22,0.49,10.8,6
0.22,0.5,9.1,6
0.25,0.5,10.1,5
0.155,0.84,11.9,8
0.31,0.31,12,7
0.31,0.31,12,7
0.22,0.5,9.1,6
0.21,0.95,11.6,8
0.155,0.84,11.9,8
0.25,0.5,10.2,6
0.22,0.49,10.8,6
0.21,0.4,9.8,5
0.27,0.3,11.4,4
0.17,0.41,9.8,5
0.25,0.5,10.1,5
0.12,0.38,9.8,8
0.12,0.38,9.8,8
0.29,0.4,10.7,6
0.3,0.61,10.6,5
0.26,0.47,9.3,5
0.12,0.38,9.8,8
0.29,0.4,10.7,6
0.33,0.59,14,8
0.29,0.37,11,6
0.29,0.37,11,6
0.26,0.45,9.4,6
0.28,0.36,9,6
0.28,0.55,9,5
0.2,0.53,10,5
0.27,0.54,9,5
0.28,0.55,9,5
0.29,0.6,12.4,7
0.35,0.44,11.3,5
0.12,0.55,12,6
0.12,0.56,11.7,6
0.2,0.53,10,5
0.4,0.54,13.2,7
0.11,0.59,11,7
0.23,0.54,11,6
0.38,0.48,9.2,5
0.38,0.48,13,7
0.19,0.6,10.6,5
0.34,0.49,13,8
0.23,0.54,9,6
0.23,0.54,9,6
0.31,0.32,11.5,5
0.2,0.44,11,6
0.31,0.32,11.5,5
0.26,0.43,9.9,5
0.22,0.46,10.4,6
0.23,0.54,9,6
0.19,0.52,9.9,6
0.14,0.47,11,6
0.32,0.35,12.1,6
0.23,0.51,9.7,6
0.23,0.51,9.7,6
0.36,0.3,12.2,7
0.38,0.31,12.4,7
0.23,0.39,10.5,7
0.2,0.57,10.4,6
0.26,0.34,12,6
0.3,0.32,12.7,6
0.18,0.45,10.9,7
0.18,0.45,10.9,7
0.18,0.45,10.9,7
0.19,0.52,11.4,7
0.16,0.41,11,6
0.27,0.31,12.6,7
0.37,0.46,11.6,7
0.2,0.44,10.5,7
0.18,0.45,10.9,7
0.18,0.45,10.9,7
0.28,0.37,12.5,6
0.35,0.5,12.1,8
0.25,0.58,11.3,6
0.32,0.64,13.3,7
0.18,0.45,10.9,7
0.18,0.45,10.9,7
0.2,0.44,10.5,7
0.37,0.46,11.6,7
0.19,0.52,11.4,7
0.18,0.51,11,6
0.3,0.36,12.1,6
0.16,0.41,11,6
0.27,0.31,12.6,7
0.3,0.3,13,7
0.2,0.64,8.8,6
0.25,0.53,9.5,5
0.22,0.47,11.8,6
0.25,0.45,12.2,6
0.13,0.55,10.7,6
0.45,0.38,11,6
0.32,0.44,11.4,6
0.13,0.55,10.7,6
0.34,0.34,12,6
0.22,0.39,11.9,8
0.32,0.44,11.4,6
0.32,0.34,11.8,6
0.27,0.48,10.6,4
0.74,0.38,9.7,5
0.45,0.38,11,6
0.13,0.55,10.7,6
0.22,0.63,11,7
0.22,0.34,10.5,6
0.32,0.45,10.4,5
0.18,0.55,10.5,6
0.47,0.48,12,8
0.47,0.48,12,8
0.19,0.41,9.2,6
0.14,0.49,10.9,5
0.24,0.5,9.5,6
0.25,0.55,9.4,6
0.24,0.5,11.3,7
0.29,0.58,10.4,5
0.33,0.57,9.4,6
0.23,0.52,11.3,6
0.27,0.4,8.8,6
0.2,0.35,10.8,5
0.33,0.57,9.4,6
0.33,0.57,9.4,6
0.21,0.43,9.2,6
0.27,0.53,10.3,6
0.12,0.57,9.9,6
0.24,0.34,12.4,6
0.18,0.44,11.9,5
0.17,0.56,11.7,6
0.33,0.57,9.4,5
0.255,0.53,9.6,4
0.33,0.57,9.4,5
0.2,0.43,10.4,7
0.17,0.47,9.5,5
0.15,0.43,11.9,6
0.25,0.4,12.5,6
0.28,0.4,13.4,5
0.27,0.84,12.7,5
0.25,0.46,9.1,5
0.19,0.5,10.5,6
0.25,0.7,10.4,5
0.25,0.7,10.4,5
0.28,0.59,12.5,8
0.25,0.7,10.4,5
0.21,0.48,9,5
0.15,0.42,9.8,6
0.21,0.48,9,5
0.28,0.43,10.7,4
0.18,0.49,12.4,6
0.53,0.5,12.5,8
0.28,0.59,12.5,8
0.36,0.43,12.1,7
0.25,0.59,11.3,6
0.24,0.43,12,5
0.25,0.6,10.4,5
0.15,0.46,12.2,7
0.28,0.43,8.6,5
0.25,0.46,9.1,5
0.28,0.33,12.1,5
0.35,0.81,12,5
0.19,0.5,10.5,6
0.25,0.7,10.4,5
0.35,0.42,11.9,6
0.31,0.52,13.7,7
0.17,0.72,11.3,6
0.23,0.42,10.5,6
0.31,0.52,13.7,7
0.2,0.44,10.1,3
0.37,0.39,12.3,6
0.36,0.33,12,7
0.17,0.72,11.3,6
0.28,0.51,9.5,6
0.27,0.53,11.4,6
0.25,0.48,11.9,7
0.24,0.54,10,6
0.24,0.54,10,6
0.13,0.6,11.3,7
0.78,0.48,11.7,5
0.33,0.39,11,7
0.34,0.48,12.2,7
0.14,0.54,10.7,7
0.26,0.34,10.9,6
0.29,0.38,10.2,6
0.25,0.48,11.9,7
0.21,0.48,11.1,5
0.26,0.5,11.2,6
0.27,0.53,11.4,6
0.25,0.57,10.6,6
0.35,0.53,10.3,5
0.3,0.57,10.4,4
0.24,0.62,11.9,6
0.23,0.43,11.9,7
0.23,0.7,10.4,5
0.24,0.47,9.2,6
0.17,0.43,11.3,6
0.17,0.43,11.3,6
0.21,0.5,11,7
0.23,0.43,11.9,7
0.28,0.64,12.9,7
0.19,0.31,10.8,5
0.25,0.47,9.1,6
0.23,0.7,10.4,5
0.18,0.37,12.9,6
0.18,0.44,12.2,5
0.24,0.47,9.2,6
0.23,0.46,10.3,5
0.17,0.46,11,7
0.3,0.65,11,5
0.24,0.62,11.7,6
0.21,0.43,12,6
0.33,0.43,12.7,6
0.35,0.49,8.8,5
0.17,0.43,11.3,6
0.25,0.4,12.8,6
0.16,0.44,11.2,6
0.39,0.51,8.9,6
0.19,0.39,11.2,5
0.25,0.4,11.1,6
0.22,0.51,10.8,6
0.19,0.42,9.3,6
0.39,0.51,8.9,6
0.33,0.36,12.7,7
0.17,0.4,12,6
0.19,0.39,11.2,5
0.23,0.43,8.8,6
0.23,0.43,8.8,6
0.23,0.43,8.8,6
0.32,0.47,10.4,6
0.23,0.43,8.8,6
0.32,0.47,10.4,6
0.39,0.45,14,6
0.23,0.43,8.8,6
0.25,0.43,13.1,6
0.29,0.42,12.3,6
0.4,0.46,12.6,6
0.39,0.44,12,7
0.17,0.47,9.5,5
0.39,0.44,12,7
0.36,0.49,12.7,7
0.19,0.39,10.5,6
0.34,0.54,12.9,6
0.17,0.47,9.5,5
0.39,0.44,12,7
0.36,0.49,12.7,7
0.3,0.66,11.9,6
0.68,0.45,12,6
0.34,0.41,12.5,6
0.28,0.43,12.1,7
0.19,0.36,12.5,6
0.16,0.58,9.9,6
0.17,0.41,10.7,6
0.2,0.35,12,6
0.33,0.31,12.2,8
0.33,0.32,12.4,8
0.36,0.32,12.4,8
0.21,0.31,10.3,6
0.2,0.35,12,6
0.41,0.4,10.5,5
0.15,0.44,9.5,6
0.2,0.35,10.5,4
0.24,0.36,12.3,6
0.16,0.37,11.9,6
0.12,0.45,9.8,5
0.24,0.36,12.3,6
0.1,0.56,11.4,7
0.21,0.43,11,6
0.3,0.56,10.8,4
0.18,0.37,12.8,7
0.17,0.5,11,8
0.19,0.36,10.2,5
0.28,0.6,12.5,7
0.24,0.37,11.6,6
0.16,0.37,11.9,6
0.12,0.45,9.8,5
0.16,0.48,11,5
0.21,0.52,10.9,6
0.22,0.3,11,7
0.34,0.37,12.5,6
0.22,0.3,11,7
0.21,0.53,12,7
0.31,0.31,12.4,7
0.34,0.37,12.5,6
0.42,0.38,12.8,7
0.22,0.3,11,7
0.28,0.43,9.1,5
0.45,0.4,12.4,7
0.29,0.8,12.9,7
0.21,0.87,10.9,6
0.25,0.58,10.8,5
0.21,0.38,10.6,5
0.33,0.52,9,5
0.3,0.33,12,6
0.24,0.35,11.8,5
0.18,0.38,10.6,6
0.335,0.48,12.3,6
0.14,0.64,11.5,6
0.13,0.45,11.1,5
0.33,0.52,9,5
0.29,0.44,9.9,4
0.35,0.53,12.8,7
0.38,0.57,12.9,5
0.24,0.57,12.9,6
0.16,0.68,12,6
0.3,0.33,12,6
0.15,0.27,11.2,6
0.33,0.39,13.3,7
0.2,0.5,9.9,6
0.27,0.52,9.5,6
0.27,0.49,9.4,6
0.2,0.6,11,7
0.13,0.43,9.4,6
0.21,0.82,11.5,6
0.31,0.34,12.5,5
0.2,0.34,11.9,6
0.25,0.47,10.4,6
0.15,0.27,11.2,6
0.22,0.33,12.5,6
0.23,0.4,11,7
0.27,0.37,9.8,5
0.34,0.4,12.3,7
0.16,0.52,11,6
0.3,0.46,12.6,7
0.29,0.62,11.6,6
0.34,0.4,12.3,7
0.21,0.22,13.4,7
0.27,0.37,9.8,5
0.22,0.46,11.5,6
0.27,0.38,11.6,6
0.25,0.4,11.1,7
0.23,0.4,11,7
0.13,0.54,11.3,6
0.24,0.53,9.9,6
0.26,0.33,12.6,8
0.3,0.36,11.8,8
0.38,0.5,11.4,5
0.19,0.5,9.2,6
0.19,0.5,9.2,6
0.19,0.5,9.2,6
0.19,0.5,9.2,6
0.19,0.5,9.2,6
0.19,0.5,9.2,6
0.32,0.42,13,5
0.19,0.5,9.3,7
0.26,0.62,12.6,8
0.24,0.44,9.6,6
0.215,0.44,8,3
0.24,0.42,11.8,6
0.23,0.39,10.2,6
0.33,0.53,12.7,6
0.38,0.56,9.4,5
0.15,0.38,10.2,5
0.32,0.6,12,7
0.22,0.6,11.3,7
0.23,0.53,11.8,7
0.22,0.59,10.9,5
0.48,0.47,9.8,4
0.23,0.49,12.2,8
0.16,0.44,11.1,7
0.38,0.56,9.4,5
0.16,0.47,11.4,6
0.15,0.38,10.2,5
0.32,0.52,12.8,6
0.12,0.67,10.1,7
0.2,0.45,9.4,6
0.34,0.23,12.2,6
0.21,0.65,10.9,7
0.23,0.64,10.9,7
0.21,0.65,10.9,7
0.2,0.45,9.4,6
0.28,0.48,9.4,5
0.25,0.38,11.4,5
0.12,0.32,12.9,8
0.28,0.48,9.4,5
0.17,0.57,12,7
0.25,0.56,10.1,6
0.28,0.48,9.4,5
0.28,0.48,9.4,5
0.25,0.45,9.2,5
0.24,0.44,11.8,6
0.32,0.34,12.3,7
0.25,0.38,11.4,5
0.12,0.32,12.9,8
0.24,0.32,12.3,6
0.22,0.36,13.5,7
0.32,0.42,12.8,7
0.19,0.54,12.8,7
0.32,0.42,12.8,7
0.24,0.38,11,3
0.35,0.43,10.6,6
0.46,0.44,12.4,7
0.3,0.46,12.9,7
0.19,0.59,11.1,7
0.24,0.64,12.9,7
0.145,0.37,11.8,7
0.435,0.54,9.1,6
0.18,0.49,12.7,7
0.18,0.48,12,6
0.32,0.47,11.2,6
0.16,0.75,12.4,7
0.21,0.49,10.4,5
0.29,0.54,10.4,5
0.26,0.5,12.7,6
0.26,0.52,12.5,7
0.17,0.5,12,6
0.17,0.51,11.6,6
0.25,0.38,12.6,7
0.17,0.42,10.2,5
0.17,0.68,10.4,7
0.24,0.42,11.5,5
0.21,0.5,11,6
0.23,0.52,10.1,6
0.23,0.52,10.5,6
0.22,0.41,12.1,7
0.165,0.55,9.9,6
0.425,0.41,11.4,6
0.38,0.6,9.5,6
0.38,0.6,9.5,6
0.38,0.6,9.5,6
0.27,0.39,10.9,6
0.17,0.47,9.5,6
0.3,0.54,12.6,6
0.17,0.47,9.5,6
0.26,0.42,11.1,5
0.36,0.6,9.5,7
0.38,0.6,9.5,6
0.18,0.51,10.6,6
0.18,0.5,10.6,6
0.16,0.52,10.8,6
0.27,0.39,10.9,6
0.17,0.5,9.9,6
0.22,0.59,11.3,6
0.22,0.38,12.6,6
0.36,0.39,12.5,6
0.43,0.38,12.4,6
0.2,0.57,11.8,7
0.32,0.53,12.2,6
0.2,0.37,10.7,6
0.22,0.42,11.3,7
0.36,0.39,12.5,6
0.43,0.38,12.4,6
0.18,0.53,11.3,7
0.17,0.5,9.9,6
0.22,0.59,11.3,6
0.22,0.38,12.6,6
0.2,0.38,11.5,6
0.2,0.49,12.3,7
0.3,0.42,12.2,6
0.29,0.43,13.2,6
0.18,0.45,10.2,6
0.22,0.55,11.5,7
0.29,0.43,13.2,6
0.3,0.42,12.2,6
0.15,0.5,11,6
0.28,0.43,13.2,7
0.19,0.44,9.5,5
0.22,0.53,10.2,6
0.18,0.45,10.2,6
0.4,0.55,11.4,6
0.28,0.42,12.5,8
0.36,0.43,9.2,5
0.28,0.48,12.1,7
0.19,0.44,10.7,7
0.28,0.48,12.1,7
0.22,0.55,11.2,6
0.23,0.56,10.6,6
0.32,0.45,11.8,6
0.28,0.42,12.5,8
0.36,0.43,9.2,5
0.39,0.54,12.6,6
0.24,0.55,12.8,7
0.29,0.37,12.3,6
0.28,0.38,12.3,8
0.38,0.37,12.4,6
0.28,0.42,12.3,6
0.25,0.53,9.1,5
0.26,0.54,9.1,5
0.29,0.47,10.6,6
0.19,0.47,10.3,6
0.33,0.65,9.5,5
0.32,0.49,11.1,6
0.46,0.51,10.8,6
0.19,0.47,11.2,5
0.46,0.51,10.8,6
0.27,0.49,11.4,5
0.18,0.52,11.2,6
0.15,0.5,10.2,6
0.32,0.49,11.1,6
0.33,0.65,9.5,5
0.32,0.49,10.2,6
0.23,0.43,11,3
0.3,0.45,11.5,7
0.14,0.57,9.8,6
0.24,0.51,10.1,6
0.21,0.75,8.8,6
0.3,0.45,11.5,7
0.3,0.43,12.7,7
0.37,0.51,9.8,6
0.64,0.6,12.9,4
0.37,0.51,9.8,6
0.3,0.43,12.7,7
0.28,0.44,8.5,5
0.29,0.56,12.7,8
0.28,0.64,13.1,8
0.18,0.78,9.1,5
0.32,0.71,12.5,6
0.17,0.78,9.1,6
0.17,0.78,9.1,6
0.24,0.5,11.2,6
0.32,0.71,12.5,6
0.18,0.78,9.1,5
0.17,0.78,9.1,6
0.18,0.77,9.1,6
0.29,0.35,11.5,5
0.255,0.59,12.9,7
0.34,0.39,12.5,6
0.24,0.33,12.3,6
0.24,0.85,11.4,6
0.4,0.45,9.4,5
0.3,0.53,9.1,5
0.4,0.45,9.4,5
0.17,0.66,12,5
0.25,0.53,11.1,5
0.27,0.33,11.8,7
0.16,0.32,11.4,6
0.3,0.53,9.1,5
0.15,0.71,12.1,8
0.34,0.44,10.4,6
0.17,0.36,9.2,6
0.47,0.46,13,7
0.15,0.71,12.1,8
0.21,0.43,11.5,7
0.21,0.43,11.5,7
0.24,0.7,10,5
0.34,0.49,11.1,6
0.54,0.35,12.4,5
0.23,0.38,12.2,6
0.39,0.52,10.6,5
0.105,0.41,11.1,7
0.32,0.78,13.9,7
0.22,0.3,9.2,6
0.19,0.56,10.5,6
0.24,0.59,11.3,8
0.17,0.45,12.9,6
0.3,0.39,12.9,7
0.29,0.51,9.6,5
0.19,0.45,12.9,6
0.17,0.45,12.9,6
0.24,0.45,8.8,5
0.16,0.34,13.2,8
0.22,0.3,9.2,6
0.24,0.59,11.3,8
0.19,0.56,10.5,6
0.16,0.59,10.5,6
0.3,0.6,12.6,8
0.22,0.5,9.5,6
0.36,0.56,9.8,6
0.37,0.26,13.4,8
0.31,0.44,11.8,7
0.36,0.56,9.8,6
0.32,0.57,13.1,7
0.3,0.6,12.6,8
0.22,0.45,10.4,5
0.45,0.27,13.4,8
0.36,0.27,13,7
0.37,0.26,13.4,8
0.21,0.52,10.2,7
0.28,0.39,11.7,6
0.22,0.5,9.5,6
0.2,0.46,11.7,6
0.28,0.47,11.4,8
0.31,0.44,11.8,7
0.2,0.32,11.2,6
0.28,0.44,13,7
0.28,0.44,13,7
0.24,0.52,10.9,6
0.22,0.37,11.6,7
0.24,0.54,11.3,7
0.43,0.5,12,6
0.3,0.53,10.5,6
0.33,0.4,13.1,7
0.28,0.44,13,7
0.24,0.52,10.9,6
0.29,0.57,9.1,5
0.33,0.48,13.4,7
0.16,0.64,11.5,7
0.2,0.68,11.2,7
0.33,0.57,10.9,6
0.36,0.44,13.5,7
0.29,0.57,9.1,5
0.26,0.55,9.9,6
0.22,0.56,10.5,6
0.19,0.51,11.7,7
0.21,0.68,11,6
0.35,0.43,13,6
0.38,0.41,13.6,6
0.19,0.62,12.3,7
0.33,0.53,13.3,7
0.29,0.42,13.7,7
0.2,0.52,11.1,5
0.33,0.43,13.4,7
0.23,0.3,9.1,5
0.23,0.5,11.3,7
0.32,0.46,9.4,5
0.23,0.3,9.1,5
0.36,0.4,11.6,6
0.36,0.4,11.6,6
0.27,0.35,12.4,6
0.23,0.32,9.8,6
0.75,0.25,11.1,4
0.35,0.38,13.1,7
0.31,0.53,9.7,5
0.28,0.48,9.2,5
0.23,0.78,11.7,6
0.22,0.37,10.6,6
0.31,0.53,9.7,5
0.28,0.48,9.2,5
0.24,0.39,10.9,6
0.27,0.51,10.1,5
0.28,0.44,12.2,7
0.27,0.33,12.7,6
0.28,0.37,13,6
0.26,0.33,11.2,6
0.23,0.48,9.4,6
0.33,0.53,11,6
0.33,0.53,11,6
0.2,0.48,9.2,6
0.23,0.48,9.4,6
0.2,0.48,9.2,6
0.47,0.45,12.3,6
0.33,0.53,11,6
0.14,0.67,10,6
0.22,0.48,9,6
0.22,0.48,9,6
0.22,0.48,9,6
0.2,0.36,11.1,6
0.14,0.6,9.9,6
0.21,0.48,12.2,7
0.2,0.36,11.1,6
0.22,0.48,9,6
0.34,0.36,11.8,4
0.64,0.62,12.9,6
0.48,0.35,9,5
0.37,0.33,12.4,6
0.48,0.35,9,5
0.64,0.62,12.9,6
0.25,0.36,11.2,6
0.38,0.41,12.6,6
0.26,0.39,11.5,6
0.15,0.72,11.3,7
0.25,0.36,11.2,6
0.26,0.39,11.5,6
0.655,0.51,10.5,4
0.38,0.41,12.6,6
0.31,0.48,11.9,6
0.17,0.52,10.1,6
0.18,0.45,11,7
0.28,0.56,10.6,5
0.23,0.59,11.3,7
0.22,0.37,11.2,4
0.25,0.37,11.5,7
0.3,0.35,11.1,5
0.26,0.49,12.8,7
0.32,0.46,12.3,6
0.24,0.53,10.4,6
0.25,0.37,11.5,7
0.24,0.37,11.7,7
0.28,0.44,10.7,7
0.19,0.5,9.5,6
0.19,0.5,9.5,6
0.19,0.5,9.5,6
0.19,0.68,12,7
0.28,0.45,10.8,5
0.28,0.44,10.7,7
0.28,0.44,10.7,7
0.19,0.44,10.7,7
0.16,0.4,12.1,7
0.17,0.52,11.9,7
0.19,0.37,10.8,6
0.2,0.56,12.3,7
0.39,0.57,9.4,6
0.12,0.35,9.9,6
0.295,0.61,10.4,7
0.26,0.6,10.4,6
0.32,0.6,12.6,7
0.36,0.36,12.5,6
0.35,0.47,9.4,5
0.38,0.6,9.2,5
0.14,0.54,11.2,6
0.16,0.46,9.2,6
0.16,0.46,9.2,6
0.35,0.47,9.4,5
0.14,0.54,11.2,6
0.16,0.55,10.8,6
0.16,0.46,9.2,6
0.38,0.6,9.2,5
0.24,0.36,12.5,6
0.32,0.54,9.3,5
0.29,0.5,11.4,5
0.27,0.56,10,7
0.45,0.42,10.6,6
0.2,0.75,10.7,7
0.27,0.56,10,7
0.24,0.36,12.5,6
0.45,0.42,10.6,6
0.36,0.27,12.8,7
0.32,0.54,9.3,5
0.29,0.5,11.4,5
0.37,0.43,9.5,5
0.38,0.43,9.5,6
0.36,0.43,9.5,6
0.3,0.38,10.8,6
0.3,0.38,10.8,6
0.21,0.47,8.8,6
0.3,0.38,10.8,6
0.31,0.38,11,7
0.58,0.38,12.4,6
0.26,0.75,11.3,7
0.3,0.49,11.2,7
0.29,0.66,12.5,7
0.13,0.44,10,6
0.19,0.56,11,6
0.25,0.88,10.5,6
0.25,0.88,10.5,6
0.19,0.56,11,6
0.24,0.54,11.4,7
0.18,0.44,11.3,6
0.33,0.52,12.2,7
0.29,0.66,12.6,7
0.31,0.37,11.1,5
0.29,0.47,12.3,6
0.19,0.59,10.4,4
0.32,0.48,8.8,6
0.085,0.61,9.5,6
0.32,0.48,8.8,6
0.18,0.44,10.4,6
0.52,0.27,13,7
0.28,0.46,12.2,7
0.15,0.34,10.5,8
0.275,0.42,10.8,7
0.53,0.53,13.2,8
0.32,0.57,13,8
0.22,0.47,10,6
0.6,0.48,10.4,4
0.26,0.54,12.4,6
0.29,0.34,12.9,8
0.53,0.53,13.2,8
0.21,0.56,10.5,7
0.32,0.57,13,8
0.27,0.36,11.2,5
0.37,0.55,12.7,7
0.21,0.52,9.4,6
0.3,0.32,12.9,7
0.41,0.35,13,8
0.3,0.4,13.6,7
0.34,0.55,9.1,5
0.25,0.43,10.4,6
0.3,0.4,13.6,7
0.58,0.44,12.2,6
0.23,0.51,8.7,5
0.2,0.37,10.5,7
0.15,0.78,10.2,6
0.22,0.34,12.5,8
0.16,0.75,11.3,7
0.15,0.78,10.2,6
0.31,0.63,12.6,7
0.15,0.78,10.2,6
0.3,0.5,9.8,5
0.16,0.34,10.8,5
0.21,0.56,12.5,6
0.22,0.34,12.5,8
0.21,0.31,11.5,7
0.22,0.41,11.4,6
0.2,0.37,10.5,7
0.31,0.63,12.6,7
0.23,0.51,8.7,5
0.15,0.68,11,6
0.16,0.75,11.3,7
0.15,0.78,10.2,6
0.22,0.74,11.6,6
0.3,0.5,9.8,5
0.3,0.52,10.1,5
0.26,0.5,9.2,5
0.24,0.53,9.1,6
0.24,0.53,9.1,6
0.24,0.53,9.1,6
0.24,0.53,9.1,6
0.15,0.5,11.7,6
0.34,0.44,12.6,6
0.35,0.47,9,5
0.31,0.44,10.1,5
0.67,0.34,13.6,5
0.24,0.53,9.1,6
0.2,0.54,9.2,5
0.28,0.51,8.8,5
0.18,0.36,10,4
0.35,0.48,9.1,6
0.22,0.35,11.2,5
0.18,0.52,9.2,6
0.26,0.5,9.2,5
0.3,0.48,9.5,5
0.34,0.6,11.9,7
0.3,0.62,9.8,5
0.31,0.62,9.8,5
0.265,0.44,10.8,7
0.255,0.66,11.3,6
0.26,0.34,12.1,6
0.17,0.34,11.3,7
0.265,0.44,10.8,7
0.2,0.41,13.5,7
0.28,0.45,10.3,5
0.22,0.53,9,6
0.34,0.35,11.6,6
0.28,0.45,10.3,5
0.19,0.68,12.5,6
0.21,0.45,8.6,5
0.22,0.33,13.4,6
0.32,0.79,12.7,4
0.21,0.51,9.2,5
0.26,0.35,10.2,6
0.15,0.39,9,7
0.15,0.39,9,7
0.15,0.39,9,7
0.15,0.39,9,7
0.15,0.39,9,7
0.15,0.39,9,7
0.15,0.39,9,7
0.27,0.4,11.9,5
0.22,0.42,9,6
0.24,0.51,9,5
0.28,0.59,11,6
0.15,0.39,9,7
0.17,0.5,10,5
0.26,0.46,10.7,5
0.27,0.46,10.7,5
0.46,0.77,13.4,8
0.19,0.39,11,6
0.17,0.5,10,5
0.26,0.46,10.7,5
0.27,0.46,10.7,5
0.19,0.39,11,6
0.2,0.39,11,6
0.17,0.37,11.1,7
0.2,0.52,10.9,5
0.39,0.37,11.5,5
0.46,0.77,13.4,8
0.4,0.49,9.4,5
0.4,0.49,9.4,5
0.4,0.49,9.4,5
0.24,0.38,10.6,6
0.4,0.49,9.4,5
0.27,0.65,12,4
0.27,0.42,10.2,6
0.24,0.38,10.6,6
0.61,0.37,13.5,5
0.42,0.58,9.7,5
0.33,0.32,12.2,6
0.33,0.57,12.3,5
0.33,0.32,12.2,6
0.15,0.57,11.4,7
0.32,0.7,12.7,7
0.42,0.58,9.7,5
0.25,0.29,10.8,6
0.27,0.29,11,6
0.27,0.48,9.5,5
0.25,0.49,10.1,6
0.19,0.4,13.2,7
0.29,0.34,8.8,5
0.34,0.48,9.5,5
0.27,0.48,9.5,5
0.26,0.47,9.5,6
0.27,0.48,9.5,5
0.26,0.47,9.5,5
0.25,0.58,10.4,6
0.32,0.55,9.9,6
0.24,0.48,10,5
0.25,0.49,10.1,6
0.13,0.39,9.4,6
0.39,0.47,9.3,5
0.21,0.52,10.9,5
0.3,0.57,11.4,5
0.2,0.73,10.3,5
0.18,0.51,11,6
0.21,0.52,10.9,5
0.17,0.4,10.8,6
0.2,0.73,10.3,5
0.18,0.51,11,6
0.39,0.47,9.3,5
0.21,0.59,10.2,5
0.21,0.59,10.2,6
0.17,0.4,10.8,6
0.26,0.52,10.5,3
0.28,0.52,11.1,5
0.21,0.52,10.9,5
0.3,0.57,11.4,5
0.34,0.49,10.3,5
0.43,0.33,12.9,7
0.41,0.59,9.9,5
0.4,0.44,11.3,6
0.35,0.4,11.5,6
0.35,0.4,11.5,6
0.3,0.38,10.7,5
0.28,0.56,10.4,6
0.33,0.64,12.5,6
0.26,0.48,9.5,5
0.24,0.56,11.3,7
0.46,0.54,13,6
0.35,0.4,11.5,6
0.23,0.39,11.5,5
0.4,0.44,11.3,6
0.44,0.57,13.2,7
0.26,0.28,11.5,7
0.31,0.44,9.6,5
0.31,0.44,9.6,5
0.15,0.37,9.7,6
0.41,0.62,9.2,5
0.31,0.48,8.4,5
0.27,0.45,12.4,6
0.27,0.45,12.4,6
0.41,0.62,9.2,5
0.31,0.48,8.4,5
0.37,0.36,11.7,6
0.21,0.56,11,6
0.26,0.43,11.9,6
0.34,0.5,13.2,7
0.37,0.36,11.7,6
0.32,0.54,9.1,5
0.24,0.35,12.6,6
0.32,0.54,9.1,5
0.39,0.46,10.5,6
0.31,0.64,10.6,5
0.24,0.35,12.6,6
0.17,0.33,13.7,7
0.2,0.49,12,6
0.32,0.73,12.5,7
0.12,0.68,12.1,6
0.18,0.38,11.3,6
0.2,0.49,12,6
0.17,0.55,10.3,6
0.21,0.31,12.7,6
0.25,0.37,9.2,5
0.25,0.37,9.2,5
0.22,0.47,9.5,6
0.27,0.34,10.1,6
0.27,0.34,10.1,6
0.39,0.53,13,7
0.31,0.56,13.1,6
0.23,0.55,11,6
0.25,0.37,9.2,5
0.22,0.36,9.4,6
0.22,0.47,9.5,6
0.23,0.4,10.2,6
0.27,0.34,10.1,6
0.36,0.49,8.6,4
0.37,0.51,9,5
0.26,0.5,9.6,5
0.22,0.44,9.9,7
0.22,0.38,10.5,5
0.28,0.5,11.4,5
0.35,0.49,9.4,5
0.73,0.28,11.1,4
0.28,0.45,8.9,6
0.28,0.45,8.9,6
0.2,0.52,10.8,5
0.33,0.55,12.2,6
0.28,0.45,8.9,6
0.24,0.63,12.5,6
0.33,0.55,12.2,6
0.24,0.63,12.5,6
0.28,0.45,8.9,6
0.27,0.37,10.8,6
0.38,0.31,11.4,6
0.2,0.52,10.8,5
0.21,0.39,10.6,5
0.34,0.39,9.2,5
0.435,0.46,12.2,6
0.25,0.45,12.3,6
0.26,0.56,10.4,6
0.24,0.57,10.4,6
0.23,0.55,11,7
0.21,0.39,10.6,5
0.34,0.39,9.2,5
0.65,0.36,13.5,4
0.22,0.64,11.4,6
0.27,0.38,11.5,6
0.455,0.83,14,7
0.33,0.63,12.5,7
0.33,0.63,12.5,7
0.31,0.36,12.8,7
0.39,0.43,11.2,7
0.39,0.43,11.2,7
0.37,0.27,13.6,6
0.23,0.42,9.2,6
0.33,0.63,12.5,7
0.25,0.48,11.1,6
0.39,0.43,11.2,7
0.455,0.83,14,7
0.37,0.27,13.6,6
0.28,0.52,9.4,5
0.35,0.4,14.2,7
0.31,0.4,13.2,6
0.25,0.53,11.2,6
0.36,0.57,10.2,5
0.31,0.36,12.8,7
0.31,0.39,10.1,5
0.31,0.39,10.1,5
0.22,0.31,10.3,5
0.14,0.33,9.9,6
0.22,0.31,11.5,5
0.32,0.56,9,5
0.32,0.56,9,5
0.28,0.41,12.1,6
0.3,0.41,13.3,6
0.22,0.6,11.5,8
0.31,0.52,11,4
0.27,0.53,10.7,6
0.46,0.56,9.4,5
0.23,0.61,10.3,6
0.36,0.42,9.3,5
0.18,0.6,12,6
0.27,0.6,11,6
0.4,0.5,9.3,5
0.345,0.4,10.1,5
0.23,0.47,11.1,6
0.2,0.58,9.9,6
0.27,0.6,11,6
0.27,0.6,11,6
0.3,0.42,12.5,6
0.3,0.44,12.7,7
0.14,0.45,9.3,5
0.4,0.5,9.3,5
0.345,0.4,10.1,5
0.33,0.51,8.8,5
0.16,0.47,11.2,6
0.22,0.54,10.8,7
0.33,0.51,8.8,5
0.16,0.47,11.2,6
0.24,0.46,10.3,5
0.31,0.48,12,5
0.185,0.41,9.5,6
0.185,0.41,9.5,6
0.43,0.54,9.8,6
0.39,0.51,9,5
0.58,0.53,13,7
0.34,0.44,11.8,7
0.35,0.52,8.8,5
0.38,0.55,11.2,4
0.185,0.41,9.5,6
0.27,0.54,9.4,4
0.29,0.51,9.5,6
0.17,0.49,10.4,6
0.18,0.49,9.8,7
0.17,0.49,10.4,6
0.37,0.56,10.3,6
0.27,0.54,9.4,4
0.29,0.51,9.5,6
0.24,0.81,11.9,7
0.32,0.65,12.8,7
0.27,0.38,13,6
0.29,0.59,10.4,7
0.29,0.59,10.4,6
0.22,0.4,10.7,5
0.22,0.76,10.7,7
0.24,0.81,11.9,7
0.23,0.42,10.4,6
0.32,0.65,12.8,7
0.11,0.37,9.9,6
0.11,0.37,9.9,6
0.23,0.71,9.4,6
0.2,0.43,11.4,6
0.11,0.37,9.9,6
0.23,0.71,9.4,6
0.2,0.39,9.2,5
0.19,0.57,10.5,7
0.28,0.54,11,7
0.28,0.54,11,7
0.37,0.72,12.1,5
0.28,0.54,11,7
0.26,0.39,12.8,7
0.24,0.98,10.5,6
0.24,0.98,10.5,6
0.24,0.98,10.5,6
0.25,0.4,9.5,5
0.25,0.45,9.2,6
0.14,0.72,11.1,6
0.38,0.5,12.3,7
0.14,0.72,11.1,6
0.15,0.58,12.6,6
0.25,0.4,9.5,5
0.25,0.45,9.2,6
0.22,0.57,10.8,6
0.21,0.6,11.3,6
0.26,0.39,12.8,7
0.24,0.98,10.5,6
0.46,0.56,9.8,6
0.18,0.61,8.5,6
0.32,0.5,9.3,5
0.4,0.52,9.2,5
0.23,0.51,11.4,6
0.18,0.61,8.5,6
0.32,0.5,9.3,5
0.37,0.46,8.4,4
0.23,0.4,9.2,5
0.4,0.52,9.2,5
0.19,0.79,10.4,6
0.28,0.56,11.6,6
0.32,0.6,12.4,6
0.19,0.79,10.4,6
0.26,0.54,9.3,5
0.25,0.46,12.2,6
0.28,0.46,11,6
0.19,0.38,11.4,5
0.29,0.41,9.5,5
0.27,0.53,9.2,5
0.26,0.62,11.1,6
0.27,0.53,9.2,5
0.2,0.58,11,6
0.33,0.48,9.9,5
0.34,0.46,9.9,5
0.29,0.41,9.5,5
1.1,0.47,12.4,4
0.24,0.5,9.4,5
0.24,0.52,9.3,5
0.16,0.43,8.7,7
0.16,0.43,8.7,7
0.16,0.43,8.7,7
0.16,0.43,8.7,7
0.17,0.43,9,7
0.19,0.63,10.7,6
0.19,0.63,10.7,6
0.16,0.58,11.3,6
0.16,0.43,8.7,7
0.3,0.38,11.7,6
0.24,0.52,9.3,5
0.16,0.43,8.7,7
0.17,0.43,9,7
0.3,0.38,11.7,6
0.43,0.51,10.7,5
0.17,0.54,11.4,6
0.19,0.63,10.7,6
0.16,0.58,11.3,6
0.41,0.42,10,5
0.41,0.42,10,5
0.36,0.49,11.2,6
0.17,0.41,9.7,5
0.28,0.42,12.5,5
0.5,0.78,12.9,8
0.44,0.36,11.8,6
0.38,0.72,10.6,5
0.44,0.36,11.8,6
0.24,0.37,10.7,6
0.28,0.51,9.9,5
0.26,0.46,12,6
0.16,0.82,10.4,7
0.36,0.39,8.5,5
0.35,0.38,9.9,4
0.25,0.45,9.4,6
0.37,0.46,10.4,5
0.25,0.59,11,6
0.23,0.57,11,6
0.265,0.38,10.4,6
0.25,0.5,9.8,6
0.25,0.45,9.4,6
0.23,0.53,10.6,6
0.3,0.44,10.1,5
0.33,0.3,11.5,8
0.26,0.45,11.4,6
0.2,0.38,9.2,6
0.21,0.38,9.7,6
0.25,0.46,11.3,6
0.27,0.49,9.6,6
0.24,0.46,8.9,6
0.14,0.36,10,6
0.5,0.4,9.2,6
0.41,0.41,9,6
0.25,0.58,12.8,7
0.41,0.41,9,6
0.25,0.55,9.5,5
0.14,0.36,10,6
0.21,0.38,11,5
0.5,0.4,9.2,6
0.29,0.38,10.6,6
0.37,0.42,10,5
0.37,0.42,10,5
0.31,0.38,11.7,7
0.45,0.36,12.5,7
0.3,0.47,11.1,7
0.23,0.62,9.7,5
0.3,0.38,12.3,6
0.28,0.38,12.2,6
0.255,0.76,11.3,6
0.4,0.38,11.6,5
0.21,0.56,11.3,6
0.2,0.56,11.1,6
0.17,0.57,11.2,6
0.21,0.45,11.3,6
0.26,0.45,12,6
0.35,0.5,8.8,6
0.35,0.5,8.8,6
0.43,0.34,12,8
0.4,0.31,12,7
0.28,0.44,9,5
0.23,0.6,9.3,6
0.34,0.56,8.7,6
0.44,0.63,12.8,6
0.13,0.5,11.5,7
0.17,0.54,10,5
0.18,0.54,10,5
0.31,0.56,10.3,5
0.33,0.56,10.4,5
0.34,0.29,13.4,7
0.29,0.62,11.2,6
0.31,0.36,9.1,5
0.31,0.36,9.1,5
0.25,0.31,10.8,6
0.27,0.34,12.5,6
0.26,0.73,11.3,5
0.65,0.48,12.8,6
0.31,0.36,9.1,5
0.23,0.39,12.7,6
0.18,0.54,11,7
0.28,0.58,10.4,6
0.28,0.58,10.4,6
0.27,0.53,10.7,6
0.25,0.35,10.9,6
0.28,0.58,10.4,6
0.26,0.58,10.4,6
0.13,0.41,9.7,7
0.18,0.54,11,7
0.2,0.53,9.6,6
0.24,0.29,13.9,7
0.48,0.61,9.4,5
0.26,0.67,12.5,6
0.2,0.53,9.6,6
0.3,0.45,9.5,5
0.32,0.45,9.6,5
0.3,0.45,9.5,5
0.34,0.44,9.6,5
0.16,0.44,8.7,7
0.16,0.44,8.7,7
0.16,0.44,8.7,7
0.16,0.44,8.7,7
0.16,0.44,8.7,7
0.16,0.44,8.7,7
0.26,0.46,10.4,5
0.31,0.5,10.7,5
0.22,0.48,12,7
0.23,0.37,12.1,7
0.17,0.4,13.1,8
0.19,0.41,12.4,6
0.21,0.36,12.6,7
0.16,0.44,8.7,7
0.22,0.66,12,5
0.34,0.57,11.6,6
0.34,0.5,9.3,5
0.24,0.58,9.3,6
0.35,0.54,11.1,7
0.24,0.69,10.2,6
0.25,0.66,10.6,6
0.19,0.42,11.3,7
0.24,0.69,9.4,5
0.31,0.5,9.3,6
0.25,0.52,11.1,6
0.38,0.65,9.9,6
0.3,0.61,11.8,7
0.33,0.64,12.6,7
0.24,0.69,9.4,5
0.27,0.68,10.5,5
0.24,0.5,12.3,6
0.33,0.62,11.3,6
0.21,0.46,9.6,5
0.22,0.33,12,6
0.27,0.45,11.2,5
0.2,0.33,10.2,6
0.27,0.44,12.4,6
0.2,0.33,10.2,6
0.45,0.38,13.4,8
0.22,0.35,12.6,6
0.3,0.53,9.8,5
0.36,0.45,9.1,5
0.27,0.44,12.4,6
0.24,0.43,12.5,6
0.41,0.34,11.7,6
0.24,0.46,12.9,6
0.3,0.43,10.1,5
0.26,0.5,10.3,6
0.41,0.34,11.7,6
0.32,0.41,10.3,6
0.25,0.56,10.8,7
0.23,0.51,11.2,6
0.23,0.6,11.8,6
0.17,0.54,9.8,6
0.38,0.49,10,6
0.31,0.39,8.8,4
0.38,0.52,10.1,4
0.44,0.5,9.5,5
0.44,0.5,9.5,5
0.44,0.5,9.5,5
0.38,0.34,9.2,4
0.33,0.74,12.2,6
0.44,0.5,9.5,5
0.19,0.53,11.3,6
0.28,0.29,12.1,6
0.38,0.34,9.2,4
0.43,0.48,11.2,4
0.22,0.44,12.5,7
0.345,0.56,10.6,5
0.255,0.61,10.4,7
0.2,0.53,10.1,7
0.29,0.56,9.9,6
0.26,0.68,11,6
0.22,0.63,10,6
0.35,0.42,12.7,6
0.39,0.35,12.1,6
0.23,0.46,10.4,6
0.22,0.47,10.4,6
0.29,0.5,9.2,5
0.29,0.5,9.2,5
0.23,0.68,10.5,5
0.29,0.5,9.2,5
0.28,0.98,11.9,7
0.26,0.4,10.1,6
0.27,0.59,11.1,6
0.22,0.74,10.8,7
0.26,0.47,11.8,6
0.36,0.48,9.2,5
0.35,0.5,9.2,5
0.18,0.54,12.3,6
0.36,0.56,10.1,6
0.14,0.45,11.4,6
0.23,0.43,10.4,6
0.11,0.35,9.8,6
0.24,0.43,9.9,6
0.11,0.35,9.8,6
0.47,0.54,11.2,4
0.29,0.46,10.9,5
0.33,0.41,9.2,5
0.33,0.41,9.2,5
0.32,0.35,12,5
0.3,0.34,12.1,6
0.31,0.44,12.4,6
0.36,0.4,11.2,6
0.31,0.41,12.7,7
0.52,0.47,12.2,6
0.55,0.46,12.2,6
0.2,0.37,12.2,6
0.36,0.4,11.2,6
0.31,0.41,12.7,7
0.29,0.41,12.7,7
0.22,0.36,12.1,6
0.46,0.53,9.4,5
0.21,0.5,10.1,6
0.42,0.54,9.4,5
0.22,0.46,8.9,6
0.22,0.46,8.9,6
0.22,0.46,8.9,6
0.22,0.46,8.9,6
0.31,0.45,13,7
0.22,0.5,10.3,5
0.18,0.45,10.1,4
0.24,0.38,10.5,6
0.22,0.46,8.9,6
0.26,0.5,10.1,5
0.26,0.5,10.1,5
0.2,0.42,11,6
0.2,0.42,11,6
0.2,0.42,11,6
0.2,0.42,11,6
0.28,0.43,10,5
0.2,0.54,10.5,6
0.26,0.49,9.7,6
0.26,0.5,10.1,5
0.21,0.76,9.4,5
0.22,0.55,11.2,6
0.21,0.76,9.4,5
0.22,0.55,10.8,5
0.21,0.76,9.4,5
0.22,0.55,11.2,6
0.2,0.49,11,6
0.26,0.46,12.4,6
0.28,0.4,9.4,6
0.29,0.4,9.4,5
0.34,0.58,9.5,5
0.39,0.52,10,6
0.26,0.31,12.5,6
0.24,0.59,10.9,6
0.25,0.58,10.5,6
0.24,0.37,10.8,6
0.22,0.57,11,7
0.26,0.61,11.8,6
0.34,0.71,12.6,6
0.225,0.39,10.2,6
0.23,0.31,12,5
0.26,0.31,12.5,6
0.27,0.65,11.5,6
0.41,0.39,11.94,7
0.41,0.44,12.89333333,7
0.585,0.4,9.4,5
0.34,0.47,12.2,7
0.41,0.39,11.94,7
0.41,0.44,12.89333333,7
0.26,0.5,9.5,5
0.28,0.33,10.6,6
0.16,0.68,10.5,7
0.27,0.3,11.46666667,6
0.2,0.41,11.4,6
0.24,0.5,9.5,5
0.38,0.52,9.2,5
0.24,0.5,9.5,5
0.42,0.53,10.98,5
0.23,0.49,9.4,5
0.24,0.5,9.5,5
0.38,0.52,9.2,5
0.19,0.41,8.8,8
0.19,0.41,8.8,8
0.19,0.41,8.8,8
0.19,0.41,8.8,8
0.19,0.41,8.8,8
0.19,0.41,8.8,8
0.19,0.41,8.8,8
0.24,0.64,10.4,8
0.19,0.41,8.8,8
0.27,0.62,10.03333333,6
0.28,0.69,11.3,6
0.22,0.58,10.4,6
0.27,0.43,9.2,6
0.2,0.54,11.1,6
0.27,0.43,9.2,6
0.23,0.56,11.3,7
0.31,0.47,9.1,6
0.34,0.57,9.4,5
0.36,0.59,13.2,6
0.31,0.38,12.7,6
0.28,0.47,10.7,5
0.16,0.42,11.43333333,6
0.31,0.45,11.1,6
0.31,0.38,12.7,6
0.29,0.51,10.53333333,5
0.28,0.52,11.6,6
0.23,0.48,9.533333333,5
0.34,0.44,9.8,6
0.28,0.47,10.7,5
0.2,0.65,12,6
0.24,0.37,12.8,6
0.31,0.4,9.5,5
0.29,0.34,10.93333333,6
0.19,0.41,9.1,5
0.29,0.42,12.6,6
0.31,0.4,9.5,5
0.3,0.3,10.9,6
0.29,0.34,10.93333333,6
0.22,0.44,9.6,5
0.23,0.56,9.3,5
0.23,0.37,11.36666667,6
0.26,0.44,12.5,6
0.35,0.5,9.5,5
0.32,0.54,11,6
0.34,0.53,9.4,5
0.13,0.76,11.33333333,6
0.315,0.51,8.8,5
0.34,0.53,9.4,5
0.31,0.5,11.06666667,6
0.3,0.49,12.2,6
0.24,0.53,11,6
0.13,0.76,11.33333333,6
0.26,0.48,9.5,5
0.26,0.48,9.5,5
0.27,0.52,11,6
0.21,0.75,11.2,6
0.26,0.36,9.3,6
0.28,0.31,10.8,4
0.25,0.51,9.2,5
0.22,0.77,9.4,5
0.25,0.51,9.2,5
0.18,0.35,10.5,6
0.2,0.35,10.8,6
0.24,0.67,9.4,5
0.27,0.6,9.8,5
0.27,0.6,9.8,5
0.27,0.6,9.8,5
0.24,0.67,9.4,5
0.27,0.6,9.8,5
0.38,0.96,12.1,6
0.43,0.41,12.3,6
0.22,0.42,9.733333333,5
0.29,0.36,9.4,5
0.29,0.36,9.4,5
0.29,0.36,12.8,7
0.19,0.47,11.05,6
0.29,0.36,9.4,5
0.29,0.36,12.8,7
0.24,0.46,9.733333333,5
0.3,0.58,13.1,7
0.27,0.52,11.5,7
0.3,0.58,13.1,7
0.27,0.52,11.5,7
0.305,0.5,9.1,5
0.24,0.46,9.75,5
0.22,0.48,10.5,6
0.22,0.46,8.8,6
0.22,0.46,8.8,6
0.22,0.46,8.8,6
0.22,0.46,8.8,6
0.22,0.48,10.5,6
0.22,0.48,10.5,6
0.22,0.46,8.8,6
0.22,0.49,9.9,6
0.21,0.49,9.9,6
0.32,0.58,9.9,5
0.44,0.42,12.2,6
0.31,0.47,10.8,6
0.36,0.39,8.7,5
0.38,0.47,13.2,6
0.24,0.38,12.7,6
0.56,0.44,9.4,5
0.24,0.53,11.2,6
0.29,0.56,11.33333333,6
0.28,0.58,11.9,6
0.29,0.56,11.35,6
0.21,0.39,10.5,5
0.47,0.49,9.8,5
0.34,0.54,9.1,5
0.27,0.37,12.4,6
0.34,0.54,9.1,5
0.47,0.49,9.8,5
0.35,0.4,11.3,6
0.35,0.4,11.3,6
0.46,0.34,13.1,6
0.38,0.37,12.5,6
0.3,0.54,10.3,5
0.28,0.43,10.7,6
0.29,0.65,10.4,6
0.3,0.48,9.5,5
0.39,0.45,9.8,5
0.38,0.37,12.5,6
0.18,0.43,9.4,6
0.28,0.5,9,5
0.28,0.5,9,5
0.28,0.5,9,5
0.35,0.48,13,7
0.22,0.5,9.9,5
0.18,0.43,9.4,6
0.28,0.56,10.6,6
0.42,0.47,13.4,6
0.32,0.35,12.5,6
0.26,0.49,9.3,5
0.26,0.49,9.3,5
0.32,0.52,11,5
0.25,0.48,10.3,5
0.21,0.57,11.3,6
0.23,0.63,10.9,6
0.145,0.49,11.3,6
0.2,0.47,12.1,6
0.28,0.65,11.1,5
0.36,0.63,9.8,5
0.25,0.45,10.1,6
0.22,0.58,12.4,6
0.2,0.52,12.7,6
0.32,0.5,9.6,5
0.32,0.5,9.6,5
0.555,0.46,9.1,5
0.22,0.35,12.8,5
0.32,0.5,9.6,5
0.3,0.37,12.4,6
0.28,0.58,9.55,4
0.555,0.46,9.1,5
0.31,0.65,12.5,6
0.15,0.4,9.9,6
0.13,0.52,11.2,6
0.48,0.4,13,6
0.48,0.4,13,6
0.3,0.44,11.7,6
0.28,0.7,13.1,6
0.19,0.66,12,6
0.31,0.55,10.55,6
0.24,0.39,11.45,6
0.23,0.64,10.2,6
0.24,0.39,11.45,6
0.29,0.4,9.3,5
0.2,0.54,10.8,5
0.38,0.45,12.2,6
0.27,0.55,11,6
0.54,0.54,10.4,6
0.25,0.51,11.4,6
0.61,0.72,14.05,7
0.32,0.42,10.7,5
0.28,0.52,10.2,5
0.19,0.69,11.2,6
0.305,0.51,12.33333333,5
0.26,0.38,11.5,4
0.23,0.55,9.5,5
0.33,0.56,13.4,6
0.27,0.4,12.5,6
0.27,0.4,12.5,6
0.4,0.42,11.2,6
0.4,0.5,8.8,5
0.28,0.59,11.2,6
0.32,0.48,12.7,6
0.17,0.38,9.8,6
0.2,0.36,9.8,6
0.13,0.42,11.7,6
0.31,0.46,9.8,5
0.36,0.51,9.6,5
0.2,0.36,9.8,6
0.18,0.37,9.7,5
0.16,0.38,10,6
0.13,0.42,11.7,6
0.27,0.38,12.3,6
0.17,0.38,9.8,6
0.37,0.38,9,6
0.26,0.45,9.1,6
0.28,0.45,9.1,6
0.28,0.45,9.1,6
0.12,0.33,11.4,6
0.25,0.35,10.5,5
0.24,0.3,12.4,6
0.26,0.45,9.1,6
0.28,0.45,9.1,6
0.18,0.52,10.1,5
0.09,0.39,10.9,6
0.14,0.35,11.05,5
0.28,0.58,12.75,6
0.23,0.37,12.7,6
0.28,0.54,11.1,5
0.28,0.54,11.1,5
0.28,0.58,12.75,6
0.25,0.31,13,6
0.2,0.61,12,6
0.29,0.35,11.5,6
0.46,0.6,10.5,5
0.28,0.54,11.1,5
0.23,0.46,11.1,6
0.23,0.47,11.1,6
0.55,0.73,13.1,6
0.28,0.58,12.75,6
0.23,0.37,12.7,6
0.45,0.44,9.6,5
0.2,0.72,11.7,5
0.37,0.59,9.7,6
0.21,0.59,10.9,6
0.22,0.54,10.7,7
0.27,0.54,13.8,6
0.26,0.48,12.15,6
0.18,0.42,10.8,7
0.26,0.34,10.7,7
0.23,0.48,10.8,7
0.28,0.55,10.8,5
0.36,0.49,12,5
0.28,0.55,10.8,5
0.3,0.44,12.2,6
0.2,0.55,9.4,6
0.29,0.4,11.4,6
0.22,0.38,12.5,7
0.22,0.46,13.05,7
0.32,0.4,12.4,6
0.2,0.56,12.9,7
0.35,0.59,12,7
0.3,0.38,11.3,5
0.15,0.49,10,6
0.13,0.64,11.8,7
0.2,0.69,9.4,6
0.2,0.66,8.8,6
0.27,0.43,11.1,6
0.37,1.01,10.5,6
0.23,0.49,9.3,6
0.34,0.54,11.4,6
0.33,0.64,11.8,6
0.29,0.36,12.4,6
0.33,0.36,11.6,6
0.3,0.58,11.1,5
0.29,0.36,12.4,6
0.33,0.49,11.1,6
0.33,0.55,11,6
0.45,0.46,12.2,6
0.36,0.56,11,6
0.42,0.47,12.9,6
0.39,0.42,10.9,6
0.53,0.59,13.4,6
0.66,0.5,10.7,6
0.36,0.56,11,6
0.16,0.39,11.4,7
0.22,0.47,10.2,6
0.23,0.54,11,6
0.17,0.43,9.1,6
0.33,0.4,11,6
0.38,0.37,11.5,6
0.29,0.59,12,6
0.29,0.58,11.2,5
0.28,0.39,11.2,6
0.36,0.69,12.6,7
0.615,0.4,11,4
0.44,0.48,10.8,6
0.42,0.48,10.9,5
0.34,0.49,9.8,5
0.27,0.48,9.8,5
0.33,0.49,9.5,5
0.44,0.47,11.26666667,7
0.28,0.62,10.8,5
0.5,0.77,13.4,7
0.44,0.47,11.3,7
0.62,0.48,8.9,5
0.38,0.42,11.2,6
0.305,0.52,11.5,7
0.5,0.55,13,7
0.4,0.73,12.6,6
0.4,0.52,13.1,6
0.49,0.48,11.2,5
0.3,0.49,11.7,6
0.19,0.5,10.9,6
0.19,0.5,10.9,6
0.24,0.45,11.6,7
0.25,0.53,10.4,7
0.21,0.58,10.9,7
0.3,0.49,11.7,6
0.28,0.64,10.8,6
0.29,0.59,11.2,6
0.345,0.49,10,6
0.51,0.57,10.56666667,5
0.24,0.64,11.73333333,6
0.51,0.57,10.6,5
0.54,0.54,10.5,6
0.24,0.64,11.75,6
0.26,0.63,11.4,6
0.24,0.43,12.4,7
0.21,0.5,10.1,6
0.29,0.47,12.3,6
0.24,0.32,13.1,7
0.18,0.55,10.65,7
0.26,0.48,11.4,7
0.61,0.57,9.3,5
0.695,0.44,10.2,5
0.695,0.44,10.2,5
0.39,0.58,13.1,7
0.38,0.5,9.6,5
0.36,0.47,12.8,7
0.29,0.59,10.96666667,7
0.29,0.59,10.96666667,7
0.29,0.59,10.96666667,7
0.29,0.59,11,7
0.43,0.47,13.4,6
0.25,0.48,11.2,6
0.33,0.63,12.4,6
0.23,0.47,11.2,5
0.17,0.41,12.4,6
0.17,0.58,10.13333333,7
0.16,0.58,10.13333333,7
0.17,0.41,12.4,6
0.31,0.44,9.1,5
0.16,0.58,10.15,7
0.17,0.58,10.15,7
0.44,0.44,11.5,5
0.285,0.54,8.9,6
0.335,0.46,10.46666667,5
0.335,0.46,10.46666667,5
0.28,0.51,11.8,7
0.35,0.58,11.63333333,7
0.21,0.62,10.6,6
0.25,0.52,9.6,6
0.28,0.51,11.8,7
0.285,0.54,8.9,6
0.335,0.46,10.5,5
0.63,0.39,10.2,4
0.27,0.33,13.1,6
0.32,0.31,11.8,6
0.33,0.37,12.2,6
0.24,0.44,11.45,6
0.26,0.49,10.5,5
0.63,0.39,10.2,4
0.16,0.36,9,6
0.16,0.36,9,6
0.16,0.36,9,6
0.16,0.36,9,6
0.19,0.52,9.1,7
0.36,0.54,8.8,5
0.16,0.36,9,6
0.19,0.52,9.1,7
0.35,0.65,12.9,7
0.15,0.96,13,6
0.35,0.65,12.9,7
0.27,0.46,9.2,6
0.3,0.56,9.8,5
0.3,0.56,9.8,5
0.69,0.38,10.1,6
0.69,0.38,10.1,6
0.12,0.42,10.9,7
0.36,0.51,9.6,6
0.27,0.37,10.4,6
0.22,0.3,11.8,7
0.205,0.38,10.8,6
0.33,0.57,10.6,6
0.21,0.5,12.7,6
0.33,0.43,12.2,7
0.205,0.38,10.8,6
0.27,0.37,10.4,6
0.28,0.47,11.1,6
0.22,0.3,11.8,7
0.15,0.31,10,6
0.315,0.59,10.8,6
0.225,0.4,10.3,6
0.24,0.48,9.9,6
0.15,0.31,10,6
0.27,0.56,12.25,5
0.32,0.52,10.2,6
0.25,0.5,9.4,6
0.42,0.46,9.7,6
0.32,0.52,10.2,6
0.31,0.65,10.4,6
0.48,0.74,12.2,6
0.25,0.5,9.4,6
0.21,0.4,10.6,6
0.32,0.47,10.7,5
0.3,0.49,11.85,5
0.31,0.46,11.7,6
0.31,0.46,11.7,6
0.185,0.44,10.15,6
0.16,0.44,11.63333333,6
0.17,0.54,10.8,6
0.16,0.54,10.8,6
0.24,0.26,12.3,7
0.3,0.66,12.5,6
0.16,0.44,11.65,6
0.32,0.49,9.6,5
0.27,0.46,10.9,6
0.27,0.46,10.8,6
0.14,0.44,11.2,5
0.24,0.57,10,5
0.26,0.64,10.5,3
0.23,0.46,9.1,6
0.26,0.49,10.5,6
0.34,0.61,9.3,5
0.35,0.62,9.3,6
0.14,0.44,11.2,5
0.36,0.62,10.6,6
0.25,0.64,12.1,7
0.16,0.77,12,6
0.19,0.5,9.7,6
0.29,0.48,12.4,6
0.38,0.47,13.6,7
0.38,0.47,13.6,7
0.2,0.53,11.8,6
0.17,0.37,10,6
0.17,0.37,10,6
0.15,0.38,9.1,6
0.48,0.42,11.9,7
0.4,0.58,11.75,7
0.26,0.41,11.4,6
0.3,0.48,13,8
0.32,0.5,12.4,8
0.19,0.42,9.4,7
0.27,0.5,9.6,6
0.27,0.5,9.6,6
0.27,0.5,9.6,6
0.27,0.5,9.6,6
0.28,0.51,9.1,5
0.21,0.37,12,7
0.24,0.46,11.2,4
0.27,0.47,10.1,6
0.27,0.45,10.3,6
0.27,0.56,12.3,6
0.315,0.4,10.55,6
0.59,0.4,10.9,4
0.3,0.48,9.7,5
0.3,0.48,9.8,5
0.3,0.53,8.9,6
0.3,0.53,8.9,6
0.31,0.59,10.2,5
0.25,0.36,11.7,7
0.32,0.36,12.8,8
0.225,0.36,12.8,8
0.31,0.59,10.2,5
0.62,0.39,13.55,6
0.3,0.38,11.6,6
0.3,0.53,8.9,6
0.785,0.92,13.8,6
0.31,0.5,9.4,6
0.32,0.49,9.4,5
0.105,0.55,10.7,7
0.105,0.55,10.7,7
0.33,0.5,12.3,6
0.32,0.43,10.3,5
0.26,0.42,10.4,6
0.2,0.45,11.6,7
0.105,0.55,10.7,7
0.28,0.33,12.8,8
0.31,0.53,11.9,7
0.35,0.35,12.1,4
0.26,0.41,9.2,6
0.28,0.62,9.5,6
0.17,0.57,11,6
0.35,0.5,10.9,5
0.26,0.62,10.4,6
0.375,0.52,9.1,5
0.17,0.62,11.4,6
0.26,0.43,11.4,7
0.36,0.45,9.7,5
0.4,0.67,12.4,6
0.76,0.94,13.7,7
0.41,0.43,10.6,6
0.385,0.63,11.2,6
0.27,0.95,13.13333333,6
0.4,0.67,12.4,6
0.36,0.45,9.7,5
0.24,0.45,11,6
0.23,0.45,11.3,6
0.28,0.46,12,7
0.23,0.47,9.2,5
0.34,0.57,10.7,6
0.34,0.57,10.7,6
0.22,0.76,11.4,6
0.23,0.47,9.2,5
0.32,0.43,12.1,7
0.29,0.35,11.1,6
0.38,0.43,9.7,6
0.32,0.36,10.7,5
0.33,0.58,10.9,6
0.37,0.56,12,7
0.295,0.56,10.6,6
0.5,0.49,9.6,5
0.28,0.42,13.1,6
0.275,0.51,11,6
0.405,0.4,11.6,4
0.34,0.35,11.95,7
0.22,0.62,11.1,6
0.28,0.36,11.5,6
0.34,0.4,11.3,5
0.29,0.34,11.9,6
0.38,0.6,9.5,5
0.3,0.46,12.2,6
0.54,0.4,12.2,7
0.36,0.56,11.1,6
0.33,0.48,9.6,5
0.36,0.56,11.1,6
0.33,0.48,9.6,5
0.23,0.73,11.4,5
0.25,0.62,11.4,5
0.35,0.59,12.06666667,6
0.23,0.46,9,6
0.23,0.46,9,6
0.38,0.42,11.4,6
0.35,0.45,9.6,5
0.43,0.37,11,6
0.52,0.38,11,6
0.31,0.56,11.2,6
0.22,0.47,11.55,6
0.36,0.5,13.3,7
0.41,0.47,9.633333333,5
0.355,0.46,13.6,6
0.41,0.55,11.2,6
0.6,0.38,13,6
0.23,0.64,10.8,6
0.24,0.51,9.8,6
0.32,0.36,11.45,7
0.2,0.55,12.05,6
0.42,0.6,9.7,5
0.21,0.52,11.9,6
0.2,0.49,10,6
0.22,0.41,9.7,6
0.38,0.59,11.6,7
0.54,0.36,8.8,5
0.53,0.35,9.5,4
0.34,0.5,9.533333333,6
0.34,0.5,9.533333333,6
0.235,0.5,9.4,6
0.32,0.38,10.7,5
0.47,0.35,11.5,6
0.33,0.5,9.6,5
0.34,0.5,9.55,6
0.21,1.08,12.15,7
0.41,0.79,13,7
0.22,0.54,9.2,5
0.235,0.5,9.4,6
0.34,0.44,11.8,6
0.21,0.46,10.6,6
0.23,0.54,9.7,5
0.21,0.5,11.2,6
0.32,0.46,9.6,5
0.24,0.46,9.4,6
0.29,0.38,12.8,7
0.21,0.32,11.8,6
